Rank,UNITID,Institution Name,City,State,"FY2017 Endowment (in $1,000s)","FY2016 Endowment (in $1,000s)",Change in Market Value (%)2,Fall 2016 Full-time Equivalent (FTE) Students3, FY2017 Endowment Value per FTE Student ($) ,IPEDS Sector4,IPEDS HBCU Indicator5,IPEDS Carnegie Classification6,,,
1,166027,Harvard University,Boston,MA," 36,021,516 "," 34,541,893 ",4.3," 23,666 ",1522103.85,2,2,4,,,
2,130794,Yale University,New Haven,CT," 27,176,100 "," 25,408,600 ",7.0," 12,402 ",2191267.54,2,2,4,,,
3,229090,The University of Texas System,Austin,TX," 26,535,095 "," 24,203,213 ",9.6," 179,686 ",147674.80,0,2,,,,
4,243744,Stanford University,Stanford,CA," 24,784,943 "," 22,398,130 ",10.7," 16,082 ",1541160.49,2,2,4,,,
5,186131,Princeton University,Princeton,NJ," 23,812,241 "," 22,152,580 ",7.5," 8,069 ",2951077.11,2,2,4,,,
6,166683,Massachusetts Institute of Technology,Cambridge,MA," 14,967,983 "," 13,433,036 ",11.4," 11,376 ",1315750.97,2,2,4,,,
7,215062,University of Pennsylvania,Philadelphia,PA," 12,213,202 "," 10,715,364 ",14.0," 22,559 ",541389.32,2,2,4,,,
8,228732,The Texas A&M University Systemi,College Station,TX," 11,556,260 "," 10,539,526 ",9.6," 118,905 ",97189.02,0,2,,,,
9,170976,University of Michigan,Ann Arbor,MI," 10,936,014 "," 9,743,461 ",12.2," 55,497 ",197055.94,1,2,4,,,
10,147767,Northwestern University,Evanston,IL," 10,436,692 "," 9,648,497 ",8.2," 18,357 ",568540.18,2,2,4,,,
11,190150,Columbia University,New York,NY," 9,996,596 "," 9,041,027 ",10.6," 25,697 ",389018.02,2,2,4,,,
12,124557,The University of California,Oakland,CA," 9,787,627 "," 8,341,073 ",17.3," 270,112 ",36235.44,0,2,,,,
13,152080,University of Notre Dame,Notre Dame,IN," 9,352,376 "," 8,374,083 ",11.7," 12,266 ",762463.39,2,2,4,,,
14,198419,Duke University,Durham,NC," 7,911,175 "," 6,839,780 ",15.7," 15,535 ",509248.46,2,2,4,,,
15,179867,Washington University in St. Louis,St. Louis,MO," 7,860,774 "," 7,056,593 ",11.4," 13,968 ",562770.19,2,2,4,,,
16,144050,The University of Chicago,Chicago,IL," 7,523,720 "," 7,001,204 ",7.5," 15,427 ",487698.19,2,2,4,,,
17,139658,Emory University,Atlanta,GA," 6,905,465 "," 6,401,650 ",7.9," 13,989 ",493635.37,2,2,4,,,
18,190415,Cornell University,Ithaca,NY," 6,757,750 "," 5,972,343 ",13.2," 23,388 ",288940.91,2,2,4,,,
19,234076,University of Virginia,Charlottesville,VA," 6,393,561 "," 5,852,309 ",9.2," 23,012 ",277835.96,1,2,4,,,
20,227757,Rice University,Houston,TX," 5,814,444 "," 5,324,289 ",9.2," 6,662 ",872777.58,2,2,4,,,
21,123961,University of Southern California,Los Angeles,CA," 5,128,459 "," 4,608,717 ",11.3," 40,188 ",127611.70,2,2,4,,,
22,182670,Dartmouth College,Hanover,NH," 4,956,494 "," 4,474,404 ",10.8," 6,335 ",782398.42,2,2,4,,,
23,204796,The Ohio State University,Columbus,OH," 4,253,459 "," 3,578,562 ",18.9," 60,237 ",70612.07,1,2,4,,,
24,221999,Vanderbilt University,Nashville,TN," 4,136,465 "," 3,795,586 ",9.0," 12,090 ",342139.37,2,2,4,,,
25,193900,New York Universityii,New York,NY," 3,991,638 "," 3,487,702 ",14.5," 44,463 ",89774.38,2,2,4,,,
26,214777,The Pennsylvania State University,University Park,PA," 3,990,781 "," 3,602,312 ",10.8," 87,980 ",45360.09,1,2,4,,,
27,215293,University of Pittsburgh,Pittsburgh,PA," 3,945,687 "," 3,524,904 ",11.9," 32,723 ",120578.40,1,2,4,,,
28,162928,Johns Hopkins University,Baltimore,MD," 3,844,918 "," 3,381,281 ",13.7," 17,641 ",217953.52,2,2,4,,,
29,174066,University of Minnesota & Foundationiii,Minneapolis,MN," 3,493,641 "," 3,280,681 ",6.5," 55,995 ",62392.02,1,2,4,,,
30,217156,Brown University,Providence,RI," 3,245,531 "," 2,963,366 ",9.5," 9,283 ",349620.92,2,2,4,,,
31,199120,University of North Carolina at Chapel Hill and Foundations,Chapel Hill,NC," 3,027,227 "," 2,889,679 ",4.8," 27,521 ",109997.00,1,2,4,,,
32,240444,University of Wisconsin Foundation,Madison,WI," 2,746,470 "," 2,419,161 ",13.5," 43,336 ",63376.18,1,2,4,,,
33,171100,Michigan State University,East Lansing,MI," 2,682,869 ", N/A , N/A ," 45,911 ",58436.29,1,2,4,,,
34,110404,California Institute of Technology,Pasadena,CA," 2,606,505 "," 2,217,372 ",17.5," 2,240 ",1163618.29,2,2,4,,,
35,145637,University of Illinois & Foundationiv,Urbana,IL," 2,556,723 "," 2,268,447 ",12.7," 81,499 ",31371.22,1,2,4,,,
36,236948,University of Washington,Seattle,WA," 2,529,250 "," 2,237,511 ",13.0," 56,296 ",44927.70,1,2,4,,,
37,168342,The President and Trustees of Williams College,Williamstown,MA," 2,508,773 "," 2,256,160 ",11.2," 2,111 ",1188428.82,2,2,2,,,
38,243780,Purdue University,West Lafayette,IN," 2,424,872 "," 2,254,541 ",7.6," 56,478 ",42934.81,1,2,4,,,
39,233374,University of Richmond,Richmond,VA," 2,373,506 "," 2,189,546 ",8.4," 3,745 ",633779.94,2,2,2,,,
40,164924,Trustees of Boston College,Chestnut Hill,MA," 2,317,300 "," 2,064,300 ",12.3," 13,420 ",172675.11,2,2,4,,,
41,164465,Amherst College,Amherst,MA," 2,248,141 "," 2,031,843 ",10.6," 1,791 ",1255243.16,2,2,2,,,
42,151351,Indiana University and Foundation,Bloomington,IN," 2,229,361 "," 1,986,646 ",12.2," 85,422 ",26098.21,1,2,4,,,
43,121345,Pomona College,Claremont,CA," 2,167,019 "," 1,984,931 ",9.2," 1,640 ",1321353.28,2,2,2,,,
44,211440,Carnegie Mellon Universityv,Pittsburgh,PA," 2,154,098 "," 1,708,618 ",26.1," 12,589 ",171109.56,2,2,4,,,
45,195030,University of Rochester,Rochester,NY," 2,121,390 "," 1,927,573 ",10.1," 10,154 ",208921.61,2,2,4,,,
46,110662,The UCLA Foundation,Los Angeles,CA," 2,062,573 "," 1,803,671 ",14.4," 44,947 ",45889.00,1,2,4,,,
47,195049,The Rockefeller University,New York,NY," 2,049,344 "," 1,887,407 ",8.6, 200 ,10246718.96,2,2,4,,,
48,139755,Georgia Institute of Technology and related Foundations,Atlanta,GA," 1,985,802 "," 1,843,764 ",7.7," 25,666 ",77370.90,1,2,4,,,
49,164988,Trustees of Boston University,Boston,MA," 1,957,021 "," 1,654,531 ",18.3," 28,437 ",68819.17,2,2,4,,,
50,216287,Swarthmore College,Swarthmore,PA," 1,955,532 "," 1,746,962 ",11.9," 1,619 ",1207864.11,2,2,2,,,
51,168218,Wellesley College,Wellesley,MA," 1,930,752 "," 1,762,429 ",9.6," 2,392 ",807322.45,2,2,2,,,
52,153384,Trustees of Grinnell College,Grinnell,IA," 1,871,046 "," 1,648,783 ",13.5," 1,671 ",1119716.40,2,2,2,,,
53,234030,Virginia Commonwealth University,Richmond,VA," 1,843,001 "," 1,559,874 ",18.2," 27,182 ",67802.26,1,2,4,,,
54,,University of Toronto#,Toronto,ON," 1,829,893 "," 1,639,348 ",11.6," 78,291 ",23372.97,,,,,,
55,201645,Case Western Reserve University,Cleveland,OH," 1,798,790 "," 1,662,739 ",8.2," 10,820 ",166246.73,2,2,4,,,
56,110635,University of California Berkeley Foundation,Berkeley,CA," 1,794,602 "," 1,585,935 ",13.2," 40,173 ",44671.85,1,2,4,,,
57,167835,Smith College,Northampton,MA," 1,767,466 "," 1,627,469 ",8.6," 2,869 ",616056.44,2,2,2,,,
58,168148,Tufts University,Somerville,MA," 1,738,706 "," 1,562,968 ",11.2," 11,017 ",157820.28,2,2,4,,,
59,131469,The George Washington University,Ashburn,VA," 1,729,147 "," 1,570,278 ",10.1," 22,866 ",75620.89,2,2,4,,,
60,131496,Georgetown University,Washington,DC," 1,661,745 "," 1,483,502 ",12.0," 18,525 ",89702.83,2,2,4,,,
61,207500,University of Oklahoma,Norman,OK," 1,646,184 "," 1,520,354 ",8.3," 25,193 ",65342.91,1,2,4,,,
62,181464,University of Nebraska Board of Regents,Lincoln,NE," 1,616,900 "," 1,538,071 ",5.1," 49,499 ",32665.31,1,2,4,,,
63,155317,The Kansas University Endowment Association,Lawrence,KS," 1,612,337 "," 1,475,158 ",9.3," 22,726 ",70946.79,1,2,4,,,
64,134130,University of Florida Foundation Inc.,Gainesville,FL," 1,612,003 "," 1,461,347 ",10.3," 50,321 ",32034.41,1,2,4,,,
65,178439,University of Missouri -System,Columbia,MO," 1,603,230 "," 1,459,991 ",9.8," 57,785 ",27744.75,0,2,,,,
66,234207,Washington and Lee University,Lexington,VA," 1,547,135 "," 1,472,485 ",5.1," 2,156 ",717595.08,2,2,2,,,
67,228875,Texas Christian University,Fort Worth,TX," 1,520,622 "," 1,514,296 ",0.4," 10,279 ",147934.82,2,2,4,,,
68,228246,Southern Methodist University,Dallas,TX," 1,514,607 "," 1,383,981 ",9.4," 10,232 ",148026.45,2,2,4,,,
69,161004,Bowdoin College,Brunswick,ME," 1,455,909 "," 1,339,981 ",8.7," 1,806 ",806151.40,2,2,2,,,
70,153658,University of Iowa & Foundation,Iowa City,IA," 1,387,001 "," 1,259,309 ",10.1," 29,288 ",47357.33,1,2,4,,,
71,130943,University of Delaware,Newark,DE," 1,364,057 "," 1,261,790 ",8.1," 21,510 ",63415.04,1,2,4,,,
72,100733,The University of Alabama System,Tuscaloosa,AL," 1,351,160 "," 1,220,781 ",10.7," 65,510 ",20625.25,0,2,,,,
73,110699,University of California San Francisco Foundation,San Francisco,CA," 1,306,564 "," 1,138,815 ",14.7," 3,170 ",412165.44,1,2,5,,,
74,232557,Liberty University Inc.,Lynchburg,VA," 1,290,703 "," 1,082,996 ",19.2," 57,511 ",22442.71,2,2,4,,,
75,160755,Tulane University,New Orleans,LA," 1,288,374 "," 1,150,687 ",12.0," 12,002 ",107346.61,2,2,4,,,
76,157085,University of Kentucky,Lexington,KY," 1,285,114 "," 1,117,852 ",15.0," 29,581 ",43443.90,1,2,4,,,
77,201885,University of Cincinnati,Cincinnati,OH," 1,282,743 "," 1,165,522 ",10.1," 34,477 ",37205.75,1,2,4,,,
78,213543,Lehigh University,Bethlehem,PA," 1,278,120 "," 1,162,711 ",9.9," 6,606 ",193478.66,2,2,4,,,
79,,The University of British Columbia#,Vancouver,BC," 1,269,851 "," 1,141,414 ",11.3," 54,945 ",23111.31,,,,,,
80,229115,Texas Tech University System,Lubbock,TX," 1,261,576 "," 1,126,429 ",12.0," 46,336 ",27226.70,1,2,4,,,
81,196413,Syracuse University,Syracuse,NY," 1,258,728 "," 1,156,828 ",8.8," 20,236 ",62202.41,2,2,4,,,
82,223232,Baylor University,Waco,TX," 1,230,958 "," 1,144,280 ",7.6," 16,654 ",73913.65,2,2,4,,,
83,,McGill University#,Montreal,QC," 1,230,605 "," 1,121,053 ",9.8," 32,983 ",37310.29,,,,,,
84,186380,Rutgers the State University of New Jersey,Piscataway,NJ," 1,220,265 "," 1,083,665 ",12.6," 60,345 ",20221.48,1,2,4,,,
85,128300,University of Colorado Foundation,Denver,CO," 1,220,204 "," 1,062,664 ",14.8," 56,549 ",21577.82,0,2,,,,
86,221722,The University of Tennessee,Knoxville,TN," 1,214,619 "," 1,099,634 ",10.5, N/A ,N/A,,,,,,
87,199847,Wake Forest University,Winston Salem,NC," 1,205,323 "," 1,141,211 ",5.6," 7,776 ",155005.51,2,2,4,,,
88,229267,TRINITY UNIVERSITY,San Antonio,TX," 1,194,250 "," 1,084,908 ",10.1," 2,368 ",504328.54,2,2,3,,,
89,223223,Baylor College of Medicine,Houston,TX," 1,166,562 "," 1,063,678 ",9.7," 1,563 ",746361.03,2,2,5,,,
90,139959,The University of Georgia and Related Foundations,Athens,GA," 1,151,904 "," 1,016,732 ",13.3," 36,574 ",31495.15,1,2,4,,,
91,156295,Berea College,Berea,KY," 1,150,360 "," 1,050,680 ",9.5," 1,638 ",702295.67,2,2,2,,,
92,179159,Saint Louis University,St. Louis,MO," 1,146,865 "," 1,052,002 ",9.0," 12,003 ",95548.16,2,2,4,,,
93,230764,The University of Utah,Salt Lake City,UT," 1,127,686 "," 1,071,926 ",5.2," 26,184 ",43067.06,1,2,4,,,
94,199193,NC State University and Related Foundations,Raleigh,NC," 1,122,899 "," 998,600 ",12.4," 28,215 ",39797.94,1,2,4,,,
95,164146,The University System of Maryland Foundation Inc,Adelphi,MD," 1,099,864 "," 968,861 ",13.5," 129,884 ",8468.05,0,2,,,,
96,230959,Middlebury College,Middlebury,VT," 1,073,976 "," 1,000,598 ",7.3," 2,515 ",427028.23,2,2,2,,,
97,186122,Princeton Theological Seminary,Princeton,NJ," 1,066,351 "," 995,553 ",7.1, 534 ,1996912.51,2,2,5,,,
98,207971,The University of Tulsa,Tulsa,OK," 1,026,476 "," 957,523 ",7.2," 4,293 ",239104.68,2,2,4,,,
99,,University of Alberta#,Edmonton,AB," 1,003,725 "," 906,250 ",10.8," 35,004 ",28674.59,,,,,,
100,197133,VASSAR COLLEGE,Poughkeepsie,NY," 1,002,570 "," 928,817 ",7.9," 2,411 ",415831.67,2,2,2,,,
101,108056,University of Arkansas - Fayetteville,Fayetteville,AR," 996,019 "," 898,908 ",10.8," 27,194 ",36626.43,0,2,,,,
102,233921,Virginia Tech Foundation,Blacksburg,VA," 995,807 "," 842,991 ",18.1," 31,263 ",31852.59,1,2,4,,,
103,165015,Brandeis University,Boston,MA," 976,887 "," 866,778 ",12.7," 5,272 ",185297.24,2,2,4,,,
104,236939,Washington State University,Pullman,WA," 974,029 "," 907,828 ",7.3," 26,853 ",36272.62,1,2,4,,,
105,,Carnegie Institution of Washington,Washington,DC," 967,689 "," 903,035 ",7.2, N/A ,N/A,,,,,,
106,229407,University of Houston System,Houston,TX," 962,297 "," 741,825 ",29.7," 53,457 ",18001.33,0,2,,,,
107,139144,Berry College Inc.,Mount Berry,GA," 959,996 "," 935,907 ",2.6," 2,137 ",449225.79,2,2,3,,,
108,135726,University of Miamivi,Coral Gables,FL," 948,579 "," 844,643 ",12.3," 16,213 ",58507.32,2,2,4,,,
109,122931,Santa Clara University,Santa Clara,CA," 905,858 "," 842,040 ",7.6," 7,945 ",114016.11,2,2,3,,,
110,191515,Hamilton College,Clinton,NY," 905,759 "," 817,210 ",10.8," 1,873 ",483587.05,2,2,2,,,
111,207388,Oklahoma State University Foundation,Stillwater,OK," 903,415 "," 847,004 ",6.7," 25,594 ",35297.90,1,2,4,,,
112,130697,Wesleyan University,Middletown,CT," 897,800 "," 770,121 ",16.6," 3,115 ",288218.30,2,2,2,,,
113,190099,Colgate University,Hamilton,NY," 881,323 "," 821,675 ",7.3," 2,877 ",306334.01,2,2,2,,,
114,239169,The Medical College of Wisconsin Inc.,Milwaukee,WI," 875,817 "," 748,862 ",17.0," 1,220 ",717882.93,2,2,5,,,
115,231624,College of William & Mary and Foundations,Williamsburg,VA," 874,081 "," 803,698 ",8.8," 8,235 ",106142.16,1,2,4,,,
116,110653,University of California Irvine Foundation,Irvine,CA," 869,491 "," 498,171 ",74.5," 33,466 ",25981.32,1,2,4,,,
117,121150,Pepperdine University,Malibu,CA," 861,613 "," 767,998 ",12.2," 6,388 ",134879.95,2,2,4,,,
118,117636,Loma Linda University,Loma Linda,CA," 848,070 "," 784,235 ",8.1," 4,176 ",203081.94,2,2,5,,,
119,211273,Bryn Mawr College,Bryn Mawr,PA," 845,864 "," 797,134 ",6.1," 1,658 ",510171.17,2,2,2,,,
120,104179,The University of Arizona and University of Arizona Foundation,Tucson,AZ," 843,529 "," 754,651 ",11.8," 38,423 ",21953.75,1,2,4,,,
121,195003,Rochester Institute of Technology,Rochester,NY," 842,305 "," 745,007 ",13.1," 15,362 ",54830.44,2,2,4,,,
122,153603,Iowa State University and Foundation,Ames,IA," 838,871 "," 760,461 ",10.3," 34,830 ",24084.73,1,2,4,,,
123,204501,Oberlin College,Oberlin,OH," 838,199 "," 770,271 ",8.8," 2,895 ",289533.20,2,2,2,,,
124,159638,LSU Systemvii,Baton Rouge,LA," 835,176 "," 781,833 ",6.8," 41,100 ",20320.57,,,,,,
125,209551,University of Oregon Foundation,Eugene,OR," 828,459 "," 758,692 ",9.2," 22,632 ",36605.65,1,2,4,,,
126,173258,Carleton College,Northfield,MN," 828,168 "," 738,136 ",12.2," 2,045 ",404972.20,2,2,2,,,
127,166665,University of Massachusetts Foundation Inc.,Boston,MA," 819,687 "," 734,166 ",11.6, N/A ,N/A,0,2,,,,
128,211291,Bucknell University,Lewisburg,PA," 800,765 "," 722,425 ",10.8," 3,544 ",225949.49,2,2,2,,,
129,190372,The Cooper Union for the Advancement of Science and Art,New York,NY," 798,919 "," 777,134 ",2.8, 938 ,851726.48,2,2,2,,,
130,213385,Lafayette College,Easton,PA," 790,304 "," 733,243 ",7.8," 2,520 ",313613.90,2,2,2,,,
131,,Queen's University#,Kingston,ON," 789,167 "," 723,698 ",9.0," 22,461 ",35135.00,,,,,,
132,112260,Claremont McKenna College,Claremont,CA," 784,363 "," 709,106 ",10.6," 1,343 ",584037.97,2,2,2,,,
133,202523,Denison University,Granville,OH," 782,544 "," 716,180 ",9.3," 2,260 ",346258.29,2,2,2,,,
134,167358,Northeastern University,Boston,MA," 778,948 "," 693,025 ",12.4," 29,457 ",26443.56,2,2,4,,,
135,161086,The President and Trustees of Colby College,Waterville,ME," 775,129 "," 710,659 ",9.1," 1,879 ",412522.09,2,2,2,,,
136,218663,University of South Carolina and Related Foundations,Columbia,SC," 770,782 ", N/A ,N/A," 44,646 ",17264.30,1,2,4,,,
137,166124,College of the Holy Cross,Worcester,MA," 748,948 "," 680,993 ",10.0," 2,895 ",258703.97,2,2,2,,,
138,173902,Macalester College,Saint Paul,MN," 747,748 "," 700,189 ",6.8," 2,121 ",352545.03,2,2,2,,,
139,126678,Colorado College,Colorado Springs,CO," 743,175 "," 683,225 ",8.8," 2,101 ",353724.44,2,2,2,,,
140,100858,Auburn University and Foundation,Auburn,AL," 738,018 "," 646,624 ",14.1," 25,368 ",29092.46,1,2,4,,,
141,166939,Mount Holyoke College,South Hadley,MA," 729,438 "," 665,952 ",9.5," 2,263 ",322332.35,2,2,2,,,
142,183327,University System of New Hampshire & Foundationviii,Durham,NH," 726,365 "," 651,345 ",11.5," 25,858 ",28090.52,0,2,,,,
143,157289,University of Louisville Foundation,Louisville,KY," 719,001 "," 715,689 ",0.5," 18,814 ",38216.26,1,2,4,,,
144,195809,St. John's University New York,Jamaica,NY," 716,485 "," 643,376 ",11.4," 16,495 ",43436.50,2,2,4,,,
145,198385,Davidson College,Davidson,NC," 716,203 "," 648,657 ",10.4," 1,796 ",398776.74,2,2,2,,,
146,,Oklahoma State Regents for Higher Education,Oklahoma City,OK," 711,415 "," 652,180 ",9.1," 66,806 ",10648.97,,,,,,
147,127060,Colorado Seminary dba University of Denver,Denver,CO," 711,346 "," 607,368 ",17.1," 8,895 ",79971.42,2,2,4,,,
148,212054,Drexel University,Philadelphia,PA," 707,650 "," 650,252 ",8.8," 21,124 ",33499.82,2,2,4,,,
149,191241,FORDHAM UNIVERSITY,Bronx,NY," 691,077 "," 622,086 ",11.1," 14,244 ",48517.06,2,2,4,,,
150,217882,Clemson University Foundation,Clemson,SC," 682,736 "," 621,294 ",9.9," 22,865 ",29859.45,1,2,4,,,
151,148016,The Principia Corporation,St. Louis,MO," 682,373 "," 664,951 ",2.6, 477 ,1430551.93,2,2,2,,,
152,194824,Rensselaer Polytechnic Institute,Troy,NY," 677,231 "," 634,916 ",6.7," 7,442 ",91001.21,2,2,4,,,
153,176017,University of Mississippi Foundation,University,MS," 670,619 "," 602,879 ",11.2," 21,908 ",30610.69,1,2,4,,,
154,150400,DePauw University,Greencastle,IN," 669,139 "," 614,568 ",8.9," 2,202 ",303877.91,2,2,2,,,
155,104151,Arizona State University & Foundation,Tempe,AZ," 665,488 "," 612,590 ",8.6," 98,146 ",6780.60,1,2,4,,,
156,218070,Furman University,Greenville,SC," 661,046 "," 609,731 ",8.4," 2,844 ",232435.38,2,2,2,,,
157,196088,University at Buffalo Foundation,Buffalo,NY," 659,156 "," 600,961 ",9.7," 26,822 ",24575.21,1,2,4,,,
158,209490,Oregon Health & Science University Foundationix,Portland,OR," 655,992 "," 570,485 ",15.0," 2,493 ",263133.39,1,2,5,,,
159,131159,American University,Washington,DC," 647,138 "," 576,919 ",12.2," 12,226 ",52931.33,2,2,4,,,
160,216597,Villanova University,Villanova,PA," 645,568 "," 551,036 ",17.2," 10,209 ",63235.17,2,2,4,,,
161,197708,Yeshiva University,New York,NY," 644,570 "," 625,931 ",3.0," 6,260 ",102966.39,2,2,4,,,
162,134097,Florida State University Foundation,Tallahassee,FL," 639,371 "," 584,529 ",9.4," 37,276 ",17152.36,1,2,4,,,
163,239105,Marquette University,Milwaukee,WI," 626,169 "," 550,106 ",13.8," 10,478 ",59760.39,2,2,4,,,
164,110680,UC SAN DIEGO FOUNDATION,La Jolla,CA," 621,440 "," 536,134 ",15.9," 35,816 ",17350.92,1,2,4,,,
165,,American University of Beirut,New York,NY," 604,617 "," 520,444 ",16.2," 8,851 ",51084.85,,,,,,
166,148511,Rush University Medical Center,Chicago,IL," 595,869 "," 538,823 ",10.6," 2,005 ",297191.31,2,2,5,,,
167,146719,Loyola University of Chicago,Chicago,IL," 595,819 "," 535,117 ",11.3," 15,185 ",39237.34,2,2,4,,,
168,216339,Temple University,Philadelphia,PA," 581,960 "," 494,187 ",17.8," 35,814 ",16249.51,1,2,4,,,
169,130590,Trinity College,Hartford,CT," 577,376 "," 524,259 ",10.1," 2,152 ",268297.34,2,2,2,,,
170,238032,West Virginia University Foundation Inc.,Morgantown,WV," 566,426 "," 511,384 ",10.8," 26,231 ",21593.94,1,2,4,,,
171,,McMaster University#,Hamilton,ON," 564,992 "," 510,408 ",10.7," 29,130 ",19395.53,,,,,,
172,209542,Oregon State University Foundation,Corvallis,OR," 549,448 "," 492,543 ",11.6," 25,834 ",21268.40,1,2,4,,,
173,209922,Reed College,Portland,OR," 539,668 "," 496,553 ",8.7," 1,397 ",386304.90,2,2,2,,,
174,204857,Ohio University and The Ohio University Foundation,Athens,OH," 536,197 "," 481,777 ",11.3," 29,237 ",18339.68,1,2,4,,,
175,181002,Creighton University,Omaha,NE," 525,581 "," 448,457 ",17.2," 7,706 ",68204.19,2,2,3,,,
176,202480,University of Dayton,Dayton,OH," 524,186 "," 473,122 ",10.8," 10,092 ",51940.76,2,2,4,,,
177,,The American University in Cairo,New York,NY," 519,273 "," 495,307 ",4.8," 5,843 ",88871.02,,,,,,
178,237057,Whitman College,Walla Walla,WA," 518,290 "," 477,772 ",8.5," 1,465 ",353781.79,2,2,2,,,
179,191649,Hofstra University,Hempstead,NY," 516,319 "," 415,732 ",24.2," 10,066 ",51293.39,2,2,4,,,
180,204024,Miami University Foundation,Oxford,OH," 512,400 "," 446,795 ",14.7," 22,159 ",23123.79,1,2,4,,,
181,212911,Haverford College,Haverford,PA," 511,533 "," 471,393 ",8.5," 1,268 ",403417.19,2,2,2,,,
182,155399,Kansas State University Foundation,Manhattan,KS," 506,232 "," 475,617 ",6.4," 20,898 ",24233.71,1,2,4,,,
183,,The University of Western Ontario#,London,ON," 505,621 "," 437,448 ",15.6," 30,698 ",16470.80,,,,,,
184,122436,University of San Diego,San Diego,CA," 503,568 "," 449,795 ",12.0," 7,812 ",64460.84,2,2,4,,,
185,168421,Worcester Polytechnic Institute,Worcester,MA," 502,471 "," 466,320 ",7.8," 5,718 ",87875.31,2,2,4,,,
186,,Lebanese American University,New York,NY," 497,248 "," 422,321 ",17.7," 8,408 ",59139.90,,,,,,
187,174844,St. Olaf College,Northfield,MN," 493,886 "," 446,152 ",10.7," 3,004 ",164409.61,2,2,2,,,
188,144740,DePaul University,Chicago,IL," 492,399 "," 420,056 ",17.2," 20,187 ",24391.90,2,2,4,,,
189,174914,University of St. Thomas,St. Paul,MN," 488,334 "," 429,199 ",13.8," 8,566 ",57008.42,2,2,4,,,
190,,Whitehead Institute for Biomedical Research,Cambridge,MA," 483,580 "," 437,671 ",10.5, N/A ,N/A,,,,,,
191,130226,Quinnipiac University,Hamden,CT," 481,626 "," 387,964 ",24.1," 8,786 ",54817.38,2,2,3,,,
192,,National Academy of Sciences,Washington,DC," 471,244 "," 424,879 ",10.9, N/A ,N/A,,,,,,
193,176080,Mississippi State University & Foundation,Mississippi State,MS," 470,238 "," 444,485 ",5.8," 20,012 ",23497.78,1,2,4,,,
194,,University of Wyoming Foundation,Laramie,WY," 464,269 "," 422,282 ",9.9," 10,601 ",43794.86,,,,,,
195,178697,College of the Ozarks,Point Lookout,MO," 459,302 "," 416,232 ",10.3," 1,517 ",302769.81,2,2,2,,,
196,,Dalhousie University#,Halifax,NS," 458,979 "," 413,741 ",10.9," 17,225 ",26646.07,,,,,,
197,117946,Loyola Marymount University,Los Angeles,CA," 454,478 "," 413,724 ",9.9," 8,813 ",51569.02,2,2,3,,,
198,149781,Wheaton College (IL),Wheaton,IL," 446,376 "," 388,033 ",15.0," 2,733 ",163328.21,2,2,2,,,
199,135717,Miami Dade College,Miami,FL," 444,102 "," 409,362 ",8.5," 47,130 ",9422.91,1,2,1,,,
200,137351,University of South Florida Foundation Inc.,Tampa,FL," 442,033 "," 395,324 ",11.8," 42,949 ",10292.05,1,2,4,,,
201,234085,VMI Foundation Inc,Lexington,VA," 435,159 "," 381,970 ",13.9," 1,705 ",255225.30,1,2,2,,,
202,206084,The University of Toledo and The University of Toledo Foundation,Toledo,OH," 427,589 "," 393,225 ",8.7," 17,185 ",24881.51,1,2,4,,,
203,150455,Earlham College,Richmond,IN," 425,495 "," 384,132 ",10.8," 1,087 ",391439.44,2,2,2,,,
204,187985,University of New Mexico Foundation Inc.,Albuquerque,NM," 423,496 "," 393,240 ",7.7," 26,782 ",15812.73,1,2,4,,,
205,196866,UNION COLLEGE,Schenectady,NY," 423,404 "," 385,196 ",9.9," 2,160 ",196020.34,2,2,2,,,
206,120883,University of the Pacific,Stockton,CA," 422,744 "," 373,102 ",13.3," 5,824 ",72586.54,2,2,4,,,
207,129020,University of Connecticut and Foundations,Storrs,CT," 421,894 "," 377,171 ",11.9," 28,684 ",14708.34,1,2,4,,,
208,,Medical College of Virginia Foundation,Richmond,VA," 418,870 "," 368,575 ",13.6, N/A ,N/A,,,,,,
209,165334,Clark University,Worcester,MA," 417,187 "," 371,874 ",12.2," 3,136 ",133031.52,2,2,4,,,
210,120254,Occidental College,Los Angeles,CA," 413,430 "," 371,680 ",11.2," 2,055 ",201182.42,2,2,2,,,
211,212009,DICKINSON COLLEGE,Carlisle,PA," 412,810 "," 381,020 ",8.3," 2,397 ",172219.47,2,2,2,,,
212,110644,The UC Davis Foundation,Davis,CA," 398,274 "," 325,497 ",22.4," 31,785 ",12588.56,1,2,4,,,
213,221519,The University of the South,Sewanee,TN," 395,006 "," 357,773 ",10.4," 1,812 ",217994.72,2,2,2,,,
214,,Michigan State University Foundation,Lansing,MI," 392,244 "," 361,090 ",8.6, N/A ,N/A,,,,,,
215,164580,Babson College,Babson Park,MA," 389,539 "," 344,492 ",13.1," 2,901 ",134277.49,2,2,5,,,
216,172699,Western Michigan University Foundation,Kalamazoo,MI," 386,621 "," 345,458 ",11.9," 19,784 ",19542.10,1,2,4,,,
217,222178,Abilene Christian Universityx,Abilene,TX," 384,539 "," 352,007 ",9.2," 4,497 ",85510.18,2,2,3,,,
218,441982,Franklin W. Olin College of Engineering,Needham,MA," 376,279 "," 352,460 ",6.8, 351 ,1072019.97,2,2,5,,,
219,193654,The New School,New York,NY," 368,029 "," 322,316 ",14.2," 9,458 ",38911.90,2,2,4,,,
220,195526,Skidmore College,Saratoga Springs,NY," 367,158 "," 326,934 ",12.3," 2,657 ",138185.13,2,2,2,,,
221,141060,Spelman College,Atlanta,GA," 366,056 "," 346,981 ",5.5," 2,086 ",175482.29,2,1,2,,,
222,,UNIVERSITY OF SOUTH ALABAMA FOUNDATION,Mobile,AL," 365,243 "," 353,404 ",3.3," 16,699 ",21872.15,,,,,,
223,136950,Rollins College,Winter Park,FL," 361,786 "," 337,391 ",7.2," 3,074 ",117692.26,2,2,3,,,
224,230728,Utah State University,Logan,UT," 358,965 "," 325,287 ",10.4," 21,975 ",16335.16,1,2,4,,,
225,111948,Chapman Universityxi,Orange,CA," 352,616 "," 301,524 ",16.9," 8,232 ",42834.78,2,2,3,,,
226,129242,Fairfield University,Fairfield,CT," 349,348 "," 310,278 ",12.6," 4,559 ",76628.29,2,2,3,,,
227,,Simon Fraser University#,Burnaby,BC," 349,121 "," 317,550 ",9.9, N/A ,N/A,,,,,,
228,,Brookings Institution,Washington,DC," 346,419 "," 311,060 ",11.4, N/A ,N/A,,,,,,
229,122612,University of San Francisco,San Francisco,CA," 345,010 "," 300,350 ",14.9," 10,565 ",32655.92,2,2,4,,,
230,236328,The University of Puget Sound,Tacoma,WA," 344,560 "," 310,361 ",11.0," 2,732 ",126120.23,2,2,2,,,
231,221351,Rhodes College,Memphis,TN," 342,350 "," 318,053 ",7.6," 1,991 ",171948.73,2,2,2,,,
232,218335,Medical University of South Carolina Foundation,Charleston,SC," 342,052 "," 312,002 ",9.6," 2,996 ",114169.49,1,2,5,,,
233,212577,Franklin & Marshall College,Lancaster,PA," 340,699 "," 305,566 ",11.5," 2,237 ",152301.74,2,2,2,,,
234,152673,WABASH COLLEGE,Crawfordsville,IN," 340,245 "," 327,126 ",4.0, 843 ,403612.29,2,2,2,,,
235,164748,Berklee College of Music Incorporated,Boston,MA," 339,628 "," 313,462 ",8.3," 4,230 ",80290.20,2,2,5,,,
236,164243,Wayne State University Foundation,Detroit,MI," 339,467 "," 301,470 ",12.6," 20,063 ",17008.12,,,,,,
237,123165,Scripps College,Claremont,CA," 336,710 "," 295,782 ",13.8," 1,028 ",297985.98,2,2,2,,,
238,182290,University of Nevada Reno and Related Foundationsxii,Reno,NV," 333,916 "," 302,698 ",10.3," 18,018 ",18532.37,1,2,4,,,
239,215123,Philadelphia College of Osteopathic Medicine,Philadelphia,PA," 332,940 "," 304,147 ",9.5," 2,681 ",124185.14,2,2,5,,,
240,,University of Victoria Fondation#,Victoria,BC," 331,445 "," 308,444 ",7.5," 21,593 ",15349.65,,,,,,
241,126818,COLORADO STATE UNIVERSITY FOUNDATION,Fort Collins,CO," 330,200 "," 286,348 ",15.3," 27,361 ",12068.27,1,2,4,,,
242,131283,The Catholic University of America,Washington,DC," 330,182 "," 314,956 ",4.8," 6,367 ",51858.34,2,2,4,,,
243,217493,Rhode Island School of Design,Providence,RI," 329,521 "," 303,436 ",8.6," 2,478 ",132978.58,2,2,5,,,
244,189097,Barnard College,New York,NY," 327,159 "," 286,761 ",14.1," 2,562 ",127696.82,2,2,2,,,
245,110705,University of California Santa Barbara,Santa Barbara,CA," 322,419 "," 274,371 ",17.5," 23,960 ",13456.56,1,2,4,,,
246,,American Society for Technion-Israel Institute of Technology Inc.,New York,NY," 320,975 "," 273,983 ",17.2, N/A ,N/A,,,,,,
247,103529,University of Alaska Foundation,Fairbanks,AK," 320,705 "," 285,257 ",12.4," 17,096 ",18759.06,0,2,,,,
248,239017,Lawrence University of Wisconsin,Appleton,WI," 318,204 "," 283,476 ",12.3," 1,511 ",210591.78,2,2,2,,,
249,163286,University of Maryland College Park Foundation Inc.,College Park,MD," 316,109 "," 280,322 ",12.8," 33,810 ",9349.58,1,2,4,,,
250,212674,Gettysburg College,Gettysburg,PA," 308,021 "," 276,783 ",11.3," 2,578 ",119480.70,2,2,2,,,
251,212106,Duquesne University of the Holy Spirit,Pittsburgh,PA," 307,895 "," 280,034 ",9.9," 8,918 ",34525.09,2,2,4,,,
252,141963,University of Hawaii Foundation,Honolulu,HI," 307,777 "," 271,180 ",13.5," 36,702 ",8385.84,0,2,,,,
253,156408,Centre College of Kentucky,Danville,KY," 301,522 "," 259,958 ",16.0," 1,429 ",211002.04,2,2,2,,,
254,191968,Ithaca College,Ithaca,NY," 300,716 "," 267,328 ",12.5," 6,593 ",45611.33,2,2,3,,,
255,128902,Connecticut College,New London,CT," 299,593 "," 273,576 ",9.5," 1,834 ",163354.96,2,2,2,,,
256,115409,Harvey Mudd College,Claremont,CA," 298,859 "," 272,636 ",9.6, 832 ,359205.25,2,2,2,,,
257,143358,Bradley University,Peoria,IL," 297,260 "," 271,616 ",9.4," 5,067 ",58665.82,2,2,3,,,
258,206589,The College of Wooster,Wooster,OH," 296,900 "," 262,616 ",13.1," 1,990 ",149195.75,2,2,2,,,
259,195216,St. Lawrence University,Canton,NY," 295,884 "," 267,593 ",10.6," 2,345 ",126176.56,2,2,2,,,
260,160977,Bates College,Lewiston,ME," 293,833 "," 250,976 ",17.1," 1,780 ",165074.54,2,2,2,,,
261,196097,SUNY Stony Brook Foundation,Stony Brook,NY," 290,031 "," 262,191 ",10.6," 22,938 ",12644.13,1,2,4,,,
262,196468,Teacher's College Columbia University,New York,NY," 289,997 "," 265,747 ",9.1," 3,319 ",87374.85,2,2,4,,,
263,126775,Colorado School of Mines Foundation,Golden,CO," 285,918 "," 247,500 ",15.5," 5,850 ",48874.87,1,2,4,,,
264,232265,HAMPTON UNIVERSITY,Hampton,VA," 279,093 "," 253,814 ",10.0," 4,395 ",63502.40,2,1,3,,,
265,199148,University of North Carolina at Greensboro Investment Fund Inc.,Greensboro,NC," 276,121 "," 235,021 ",17.5," 16,350 ",16888.13,1,2,4,,,
266,214175,Muhlenberg College,Allentown,PA," 272,865 "," 249,967 ",9.2," 2,348 ",116211.65,2,2,2,,,
267,200280,UND Alumni Association & Foundation,Grand Forks,ND," 268,375 "," 230,461 ",16.5," 12,090 ",22198.08,1,2,4,,,
268,142285,University of Idaho Foundation,Moscow,ID," 265,087 "," 237,528 ",11.6," 9,422 ",28134.91,1,2,4,,,
269,217864,The Citadel,Charleston,SC," 263,241 "," 245,031 ",7.4," 3,506 ",75083.04,1,2,3,,,
270,164739,BENTLEY UNIVERSITY,Waltham,MA," 262,996 "," 241,944 ",8.7," 5,208 ",50498.46,2,2,3,,,
271,235316,Gonzaga University,Spokane,WA," 262,799 "," 181,365 ",44.9," 7,297 ",36014.67,2,2,3,,,
272,122409,San Diego State University,San Diego,CA," 261,544 "," 219,994 ",18.9," 30,715 ",8515.19,1,2,4,,,
273,186584,Seton Hall University,South Orange,NJ," 256,560 "," 242,675 ",5.7," 8,185 ",31345.14,2,2,4,,,
274,217235,Johnson & Wales University,Providence,RI," 255,888 "," 238,944 ",7.1," 14,144 ",18091.63,2,2,3,,,
275,228343,Southwestern University,Georgetown,TX," 255,546 "," 239,943 ",6.5," 1,475 ",173251.33,2,2,2,,,
276,,West Point Association of Graduates,West Point,NY," 253,946 "," 233,239 ",8.9, N/A ,N/A,,,,,,
277,,RAND Corporation,Santa Monica,CA," 253,218 "," 226,214 ",11.9, N/A ,N/A,,,,,,
278,156125,Wichita State University Foundation,Wichita,KS," 247,725 "," 229,250 ",8.1," 13,971 ",17731.00,1,2,4,,,
279,206695,Youngstown State University Foundation,Youngstown,OH," 244,974 "," 218,232 ",12.3," 10,390 ",21652.97,1,2,3,,,
280,210401,Willamette Universityxiii,Salem,OR," 240,580 "," 226,919 ",6.0," 2,458 ",97876.30,2,2,2,,,
281,203535,Kenyon College,Gambier,OH," 238,193 "," 208,851 ",14.0," 1,694 ",140609.65,2,2,2,,,
282,140401,Medical College of Georgia Foundation Inc.,Augusta,GA," 235,248 "," 212,447 ",10.7," 9,186 ",25609.35,,,,,,
283,152600,Valparaiso University,Valparaiso,IN," 235,218 "," 204,706 ",14.9," 4,200 ",56004.29,2,2,3,,,
284,159656,Loyola University New Orleans,New Orleans,LA," 234,548 "," 243,814 ",-3.8," 3,502 ",66975.47,2,2,3,,,
285,215770,SAINT JOSEPH'S UNIVERSITY,Philadelphia,PA," 234,094 "," 202,181 ",15.8," 6,465 ",36209.51,2,2,3,,,
286,168005,Suffolk University,Boston,MA," 231,721 "," 181,636 ",27.6," 7,003 ",33088.78,2,2,4,,,
287,209056,Lewis and Clark College,Portland,OR," 230,947 "," 211,996 ",8.9," 3,250 ",71060.48,2,2,2,,,
288,,University of New Brunswick,Fredericton,NB," 230,694 "," 209,257 ",10.2," 8,554 ",26969.09,,,,,,
289,198516,Elon University,Elon College,NC," 230,556 "," 201,431 ",14.5," 6,376 ",36159.92,2,2,3,,,
290,138600,Agnes Scott College,Decatur,GA," 229,887 "," 223,094 ",3.0, 938 ,245081.96,2,2,2,,,
291,145725,Illinois Institute of Technology,Chicago,IL," 229,414 "," 212,165 ",8.1," 7,283 ",31499.97,2,2,4,,,
292,137546,Stetson University Inc.,DeLand,FL," 228,735 "," 205,993 ",11.0," 4,216 ",54253.99,2,2,3,,,
293,170532,Kalamazoo College,Kalamazoo,MI," 226,974 "," 206,774 ",9.8," 1,441 ",157511.15,2,2,2,,,
294,193016,Mercy College,Dobbs Ferry,NY," 224,444 "," 192,479 ",16.6," 7,713 ",29099.50,2,2,3,,,
295,242671,Inter American University of Puerto Rico,San Juan,PR," 224,055 "," 201,319 ",11.3," 36,435 ",6149.46,0,2,,,,
296,204909,Ohio Wesleyan University,Delaware,OH," 222,165 "," 203,137 ",9.4," 1,631 ",136213.99,2,2,2,,,
297,219471,University of South Dakota Foundation,Vermillion,SD," 221,531 "," 209,019 ",6.0," 7,400 ",29936.65,1,2,4,,,
298,217402,Providence College,Providence,RI," 221,071 "," 198,601 ",11.3," 3,966 ",55741.66,2,2,3,,,
299,133669,Florida Atlantic University Foundation Inc.,Boca Raton,FL," 215,954 "," 194,755 ",10.9," 30,284 ",7130.97,1,2,4,,,
300,163046,LOYOLA UNIVERSITY MARYLAND INC.,Baltimore,MD," 214,866 "," 192,806 ",11.4," 5,099 ",42138.82,2,2,3,,,
301,232982,Old Dominion Universityxiv,Norfolk,VA," 213,543 "," 195,039 ",9.5," 19,285 ",11072.99,1,2,4,,,
302,145646,Illinois Wesleyan University,Bloomington,IL," 212,525 "," 206,669 ",2.8," 1,768 ",120206.43,2,2,2,,,
303,191630,Hobart and William Smith Colleges,Geneva,NY," 211,825 "," 185,780 ",14.0," 2,241 ",94522.73,2,2,2,,,
304,164216,Washington College,Chestertown,MD," 211,211 "," 193,352 ",9.2," 1,440 ",146674.30,2,2,2,,,
305,153269,Drake University,Des Moines,IA," 210,593 "," 192,173 ",9.6," 4,309 ",48872.78,2,2,3,,,
306,170301,Hope College,Holland,MI," 210,475 "," 185,869 ",13.2," 3,119 ",67481.46,2,2,2,,,
307,110422,California Polytechnic State University Foundation,San Luis Obispo,CA," 209,754 "," 190,331 ",10.2," 20,718 ",10124.25,1,2,3,,,
308,162654,Goucher College,Towson,MD," 209,577 "," 201,482 ",4.0," 1,445 ",145035.99,2,2,2,,,
309,203368,John Carroll University,University Heights,OH," 209,273 "," 187,663 ",11.5," 3,506 ",59690.08,2,2,3,,,
310,220862,The University of Memphis,Memphis,TN," 209,133 "," 193,753 ",7.9," 16,444 ",12717.87,1,2,4,,,
311,139348,Columbia Theological Seminary,Decatur,GA," 208,777 "," 191,785 ",8.9, 234 ,892210.19,2,2,5,,,
312,150163,Butler University,Indianapolis,IN," 207,966 "," 173,971 ",19.5," 4,834 ",43021.58,2,2,3,,,
313,168281,Wheaton College,Norton,MA," 205,048 "," 184,806 ",11.0," 1,642 ",124877.06,2,2,2,,,
314,210669,Allegheny College,Meadville,PA," 204,513 "," 181,636 ",12.6," 1,891 ",108150.57,2,2,2,,,
315,200800,The University of Akron Foundation,Akron,OH," 203,209 "," 188,570 ",7.8," 18,463 ",11006.27,1,2,4,,,
316,161253,University of Maine Foundation,Orono,ME," 203,012 "," 179,887 ",12.9," 9,594 ",21160.34,1,2,4,,,
317,199139,University of North Carolina At Charlotte,Charlotte,NC," 202,793 "," 181,496 ",11.7," 26,275 ",7718.10,1,2,4,,,
318,107080,Hendrix College,Conway,AR," 202,675 "," 185,257 ",9.4," 1,314 ",154242.60,2,2,2,,,
319,150136,Ball State University Foundation,Muncie,IN," 201,568 "," 182,399 ",10.5," 18,771 ",10738.27,1,2,4,,,
320,213668,Lycoming College,Williamsport,PA," 200,823 "," 194,189 ",3.4," 1,251 ",160529.98,2,2,2,,,
321,152318,Rose-Hulman Institute of Technology,Terre Haute,IN," 200,518 "," 185,327 ",8.2," 2,406 ",83340.79,2,2,5,,,
322,,Carleton University#,Ottawa,ON," 200,117 "," 178,670 ",12.0," 26,807 ",7465.11,,,,,,
323,133951,Florida International University Foundation Inc,Miami,FL," 196,281 "," 174,061 ",12.8," 38,146 ",5145.51,1,2,4,,,
324,218973,Wofford College,Spartanburg,SC," 194,390 "," 172,367 ",12.8," 1,665 ",116750.56,2,2,2,,,
325,167996,Stonehill College Inc.,North Easton,MA," 194,142 "," 178,738 ",8.6," 2,465 ",78759.46,2,2,2,,,
326,192457,Long Island University,Brookville,NY," 192,406 "," 132,793 ",44.9," 12,123 ",15871.15,0,2,,,,
327,184782,Rowan University Foundation,Glassboro,NJ," 191,835 "," 173,209 ",10.8," 15,264 ",12567.84,1,2,4,,,
328,190044,Clarkson University,Potsdam,NY," 191,141 "," 177,099 ",7.9," 3,890 ",49136.54,2,2,4,,,
329,102094,University of South Alabama,Mobile,AL," 190,492 "," 172,606 ",10.4," 16,103 ",11829.60,1,2,4,,,
330,243133,The University of Scranton,Scranton,PA," 187,209 "," 164,998 ",13.5," 4,989 ",37524.40,1,2,2,,,
331,228459,Texas State University,San Marcos,TX," 186,676 "," 164,749 ",13.3," 31,012 ",6019.49,1,2,4,,,
332,180489,University of Montana Foundation,Missoula,MT," 186,285 "," 167,307 ",11.3," 10,223 ",18222.14,1,2,4,,,
333,198464,East Carolina University,Greenville,NC," 185,811 "," 164,065 ",13.3," 28,962 ",6415.68,1,2,4,,,
334,166452,Lesley University,Cambridge,MA," 185,686 "," 172,728 ",7.5," 3,777 ",49162.21,2,2,4,,,
335,118888,Mills College,Oakland,CA," 183,275 "," 170,989 ",7.2," 1,243 ",147445.58,2,2,3,,,
336,228149,St. Mary's University of San Anotnio Texas,San Antonio,TX," 183,037 "," 168,765 ",8.5," 3,258 ",56180.79,2,2,3,,,
337,232308,Hollins University,Roanoke,VA," 182,202 "," 160,818 ",13.3, 801 ,227468.43,2,2,2,,,
338,112251,Claremont Graduate University,Claremont,CA," 181,661 "," 168,662 ",7.7," 1,095 ",165900.17,2,2,4,,,
339,192323,Le Moyne College,Syracuse,NY," 180,396 "," 157,569 ",14.5," 3,269 ",55183.96,2,2,3,,,
340,174792,SAINT JOHN'S UNIVERSITY,Collegeville,MN," 179,747 "," 159,304 ",12.8," 1,808 ",99417.59,2,2,2,,,
341,157818,Transylvania University,Lexington,KY," 179,228 "," 167,327 ",7.1, 956 ,187476.83,2,2,2,,,
342,123554,Saint Mary's College of California,Moraga,CA," 178,622 "," 164,995 ",8.3," 3,406 ",52443.44,2,2,3,,,
343,200332,North Dakota State University Foundation and Alumni Association,Fargo,ND," 177,636 "," 150,410 ",18.1," 12,783 ",13896.26,1,2,4,,,
344,152390,Saint Mary's College Notre Dame IN,Notre Dame,IN," 177,090 "," 160,618 ",10.3," 1,631 ",108577.60,2,2,2,,,
345,188429,Adelphi University,Garden City,NY," 175,802 "," 159,396 ",10.3," 6,759 ",26010.04,2,2,4,,,
346,168546,Albion College,Albion,MI," 175,619 "," 166,560 ",5.4," 1,406 ",124906.96,2,2,2,,,
347,217165,BRYANT UNIVERSITY,Smithfield,RI," 174,207 "," 158,600 ",9.8," 3,628 ",48017.48,2,2,3,,,
348,131450,Gallaudet University,Washington,DC," 173,830 "," 164,555 ",5.6," 1,520 ",114362.02,2,2,3,,,
349,194578,PRATT INSTITUTE,Brooklyn,NY," 173,082 "," 150,985 ",14.6," 4,527 ",38233.37,2,2,5,,,
350,186867,Stevens Institute of Technology,Hoboken,NJ," 173,023 "," 158,676 ",9.0," 5,910 ",29276.23,2,2,4,,,
351,219709,Belmont University,Nashville,TN," 171,744 "," 108,061 ",58.9," 7,429 ",23118.06,2,2,3,,,
352,105330,Northern Arizona University,Flagstaff,AZ," 170,870 "," 143,909 ",18.7," 28,710 ",5951.58,1,2,4,,,
353,194310,Pace University,New York,NY," 169,880 "," 152,186 ",11.6," 11,106 ",15296.22,2,2,4,,,
354,206622,Xavier University,Cincinnati,OH," 169,383 "," 150,899 ",12.2," 6,021 ",28132.04,2,2,3,,,
355,173647,GUSTAVUS ADOLPHUS COLLEGE,Saint Peter,MN," 168,679 "," 142,791 ",18.1," 2,213 ",76221.67,2,2,2,,,
356,163976,St. John's College (MD),Annapolis,MD," 168,544 "," 152,004 ",10.9, 865 ,194848.00,2,2,2,,,
357,215132,University of the Sciences in Philadelphia,Philadelphia,PA," 168,141 "," 158,968 ",5.8," 2,362 ",71185.82,2,2,5,,,
358,188030,New Mexico State University and New Mexico State University Foundation Inc.,Las Cruces,NM," 167,496 "," 152,317 ",10.0," 19,789 ",8464.11,1,2,4,,,
359,121691,University of Redlands,Redlands,CA," 167,166 "," 152,892 ",9.3," 4,639 ",36034.82,2,2,3,,,
360,151801,Indiana Wesleyan University,Marion,IN," 166,786 "," 146,838 ",13.6," 12,948 ",12881.21,2,2,3,,,
361,180461,Montana State University Foundation Inc.,Bozeman,MT," 165,708 "," 138,207 ",19.9," 14,798 ",11197.99,1,2,4,,,
362,201195,Baldwin Wallace University,Berea,OH," 164,541 "," 148,999 ",10.4," 3,588 ",45858.70,2,2,3,,,
363,129525,University of Hartford,West Hartford,CT," 164,456 "," 145,522 ",13.0," 5,804 ",28334.94,2,2,4,,,
364,177065,Columbia College,Columbia,MO," 163,323 "," 149,058 ",9.6," 9,811 ",16646.92,2,2,3,,,
365,153834,Luther College,Decorah,IA," 161,826 "," 148,873 ",8.7," 2,149 ",75302.83,2,2,2,,,
366,227216,University of North Texas Foundation,Denton,TX," 161,221 "," 139,289 ",15.7," 30,491 ",5287.50,1,2,4,,,
367,184348,Drew University,Madison,NJ," 160,363 "," 155,871 ",2.9," 1,929 ",83132.78,2,2,2,,,
368,204635,Ohio Northern Universityxv,Ada,OH," 159,700 "," 152,811 ",4.5," 2,961 ",53934.48,2,2,2,,,
369,143084,Augustana College,Rock Island,IL," 159,525 "," 140,702 ",13.4," 2,530 ",63053.33,2,2,2,,,
370,216278,Susquehanna University,Selinsgrove,PA," 159,398 "," 141,624 ",12.5," 2,151 ",74104.04,2,2,2,,,
371,111081,California Institute of the Arts,Valencia,CA," 158,497 "," 134,148 ",18.2," 1,449 ",109383.69,2,2,5,,,
372,232256,Hampden-Sydney College,Hampden-Sydney,VA," 158,476 "," 145,388 ",9.0," 1,027 ",154309.55,2,2,2,,,
373,156082,Washburn University Foundation,Topeka,KS," 158,020 "," 146,190 ",8.1," 5,076 ",31130.77,1,2,3,,,
374,130253,Sacred Heart University,Fairfield,CT," 157,505 "," 141,618 ",11.2," 6,812 ",23121.67,2,2,3,,,
375,132903,The University of Central Florida,Orlando,FL," 156,863 "," 146,416 ",7.1," 54,774 ",2863.82,1,2,4,,,
376,169248,Central Michigan University,Mt. Pleasant,MI," 156,288 "," 130,622 ",19.6," 26,739 ",5844.96,1,2,4,,,
377,139940,Georgia State University Foundation Inc.,Atlanta,GA," 155,303 "," 140,677 ",10.4," 42,851 ",3624.25,1,2,4,,,
378,110556,CALIFORNIA STATE UNIVERSITY FRESNO FOUNDATION,Fresno,CA," 154,415 "," 146,328 ",5.5," 21,587 ",7153.17,1,2,4,,,
379,238333,Beloit College,Beloit,WI," 154,057 "," 142,487 ",8.1," 1,312 ",117421.27,2,2,2,,,
380,217059,York College of Pennsylvania,York,PA," 154,002 ", N/A ,N/A," 4,127 ",37315.68,2,2,3,,,
381,220792,Meharry Medical College,Nashville,TN," 153,653 ", N/A ,N/A, 831 ,184901.37,2,1,5,,,
382,157951,Western Kentucky University and Foundations,Bowling Green,KY," 152,539 "," 125,537 ",21.5," 16,140 ",9450.99,1,2,3,,,
383,,Mennonite Education Agency Investment Fund LLC,Elkhart,IN," 151,719 "," 136,986 ",10.8, N/A ,N/A,,,,,,
384,198136,Campbell University,Buies Creek,NC," 151,136 ", N/A ,N/A," 6,086 ",24833.39,2,2,3,,,
385,233295,Randolph-Macon College,Ashland,VA," 149,139 "," 140,605 ",6.1," 1,424 ",104732.71,2,2,2,,,
386,156222,Asbury Theological Seminary,Wilmore,KY," 147,683 "," 138,702 ",6.5," 1,160 ",127313.27,2,2,5,,,
387,153278,University of Dubuque,Dubuque,IA," 147,204 "," 97,834 ",50.5," 2,034 ",72370.16,2,2,3,,,
388,110097,Biola University,La Mirada,CA," 146,411 "," 123,651 ",18.4," 5,455 ",26839.82,2,2,4,,,
389,169080,Calvin College,Grand Rapids,MI," 145,672 "," 129,091 ",12.8," 3,640 ",40019.72,2,2,2,,,
390,217484,University of Rhode Island Foundation,Kingston,RI," 145,563 "," 124,629 ",16.8," 18,072 ",8054.63,1,2,4,,,
391,146427,Knox College,Galesburg,IL," 143,246 "," 123,722 ",15.8," 1,337 ",107140.06,2,2,2,,,
392,122755,San Jose State University and Tower Foundation,San Jose,CA," 142,940 "," 125,627 ",13.8," 26,663 ",5360.97,1,2,3,,,
393,150756,Hanover College,Hanover,IN," 142,055 "," 136,171 ",4.3," 1,086 ",130805.88,2,2,2,,,
394,237066,Whitworth University,Spokane,WA," 141,885 "," 127,379 ",11.4," 2,720 ",52163.54,2,2,3,,,
395,179265,St. Louis College of Pharmacy,Saint Louis,MO," 141,241 "," 141,884 ",-0.5," 1,374 ",102795.13,2,2,5,,,
396,154235,St. Ambrose University,Davenport,IA," 139,838 "," 127,271 ",9.9," 2,795 ",50031.33,2,2,3,,,
397,213996,Messiah College,Grantham,PA," 138,313 "," 129,753 ",6.6," 3,218 ",42981.12,2,2,2,,,
398,119173,Mount Saint Mary's University,Los Angeles,CA," 138,147 "," 126,214 ",9.5," 3,480 ",39697.32,2,2,3,,,
399,145691,Illinois College,Jacksonville,IL," 137,538 "," 134,885 ",2.0, 956 ,143868.58,2,2,2,,,
400,121257,Pitzer College,Claremont,CA," 136,599 "," 126,965 ",7.6," 1,040 ",131345.30,2,2,2,,,
401,165671,Emmanuel College,Boston,MA," 136,563 "," 125,652 ",8.7," 2,088 ",65403.66,2,2,2,,,
402,233426,Roanoke College,Salem,VA," 135,858 "," 127,880 ",6.2," 1,953 ",69563.68,2,2,2,,,
403,183239,Saint Anselm College,Manchester,NH," 134,655 "," 122,872 ",9.6," 1,898 ",70945.55,2,2,2,,,
404,,MOUNT ALLISON UNIVERSITY,Sackville,NB," 133,949 "," 126,546 ",5.9," 2,193 ",61080.37,,,,,,
405,204185,UNIVERSITY OF MOUNT UNION,Alliance,OH," 133,651 "," 126,881 ",5.3," 2,223 ",60121.94,2,2,2,,,
406,179894,Webster University,St. Louis,MO," 132,311 "," 123,323 ",7.3," 13,397 ",9876.18,2,2,3,,,
407,225627,University of the Incarnate Word,San Antonio,TX," 132,021 "," 124,106 ",6.4," 7,297 ",18092.53,2,2,3,,,
408,222983,Austin College,Sherman,TX," 131,978 "," 125,620 ",5.1," 1,289 ",102388.17,2,2,2,,,
409,216667,Washington & Jefferson College,Washington,PA," 131,026 "," 126,089 ",3.9," 1,402 ",93456.16,2,2,2,,,
410,191931,Iona College,New Rochelle,NY," 130,846 "," 116,406 ",12.4," 3,624 ",36105.41,2,2,3,,,
411,216524,Ursinus College,Collegeville,PA," 130,276 "," 123,307 ",5.7," 1,547 ",84212.27,2,2,2,,,
412,149222,Southern Illinois University Foundation,Carbondale,IL," 130,244 "," 116,196 ",12.1," 14,779 ",8812.78,1,2,4,,,
413,203517,Kent State University Foundation,Kent,OH," 129,069 "," 110,747 ",16.5," 41,000 ",3148.03,1,2,4,,,
414,190503,The Culinary Institute of America,Hyde Park,NY," 128,640 "," 109,685 ",17.3," 2,918 ",44084.95,2,2,5,,,
415,107044,Harding University Inc.,Searcy,AR," 128,174 "," 119,042 ",7.7," 5,140 ",24936.64,2,2,3,,,
416,173300,Concordia College,Moorhead,MN," 127,789 "," 116,126 ",10.0," 2,088 ",61201.59,2,2,2,,,
417,207403,Oklahoma Baptist University,Shawnee,OK," 126,580 "," 116,709 ",8.5," 1,907 ",66376.54,2,2,2,,,
418,153001,Buena Vista University,Storm Lake,IA," 125,528 "," 127,326 ",-1.4," 1,803 ",69621.57,2,2,2,,,
419,133553,Embry-Riddle Aeronautical University,Daytona Beach,FL," 124,600 "," 107,307 ",16.1," 15,868 ",7852.27,2,2,3,,,
420,230782,Weber State University,Ogden,UT," 124,283 "," 110,603 ",12.4," 16,509 ",7528.21,1,2,3,,,
421,221740,University of Chattanooga Foundation Inc.,Chattanooga,TN," 123,956 "," 112,948 ",9.7," 10,055 ",12327.82,1,2,3,,,
422,237525,The Marshall University Foundation Inc,Huntington,WV," 123,206 "," 110,425 ",11.6," 11,610 ",10612.04,1,2,3,,,
423,223001,Austin Presbyterian Theological Seminary,Austin,TX," 123,190 "," 115,372 ",6.8, 106 ,1162173.47,2,2,5,,,
424,151290,Indiana Institute of Technology,Fort Wayne,IN," 123,182 "," 102,653 ",20.0," 6,767 ",18203.33,2,2,5,,,
425,164270,McDaniel College,Westminster,MD," 120,462 "," 109,516 ",10.0," 2,060 ",58476.70,2,2,2,,,
426,168591,Alma College,Alma,MI," 120,218 "," 111,889 ",7.4," 1,410 ",85261.20,2,2,2,,,
427,213251,Juniata College,Huntingdon,PA," 119,798 "," 110,955 ",8.0," 1,529 ",78350.32,2,2,2,,,
428,188641,Alfred University,Alfred,NY," 118,619 "," 105,846 ",12.1," 2,127 ",55768.20,2,2,3,,,
429,154095,University of Northern Iowa Foundation,Cedar Falls,IA," 118,393 "," 107,559 ",10.1," 10,305 ",11488.86,1,2,3,,,
430,216807,Westminster College (Pennsylvania),New Wilmington,PA," 118,107 "," 109,425 ",7.9," 1,208 ",97770.31,2,2,2,,,
431,170082,Grand Valley State University,Allendale,MI," 116,994 "," 102,220 ",14.5," 22,550 ",5188.22,1,2,3,,,
432,220075,East Tennessee State University,Johnson City,TN," 114,302 "," 109,731 ",4.2," 11,561 ",9886.85,1,2,4,,,
433,209065,Linfield College,McMinnville,OR," 113,841 "," 101,629 ",12.0," 2,010 ",56637.27,2,2,2,,,
434,107141,John Brown University,Siloam Springs,AR," 113,297 "," 99,468 ",13.9," 1,948 ",58160.51,2,2,3,,,
435,219356,South Dakota State University Foundation,Brookings,SD," 113,294 "," 104,704 ",8.2," 10,130 ",11184.02,1,2,4,,,
436,147341,Monmouth College,Monmouth,IL," 113,169 "," 97,976 ",15.5," 1,154 ",98066.75,2,2,2,,,
437,145813,Illinois State University Foundation,Normal,IL," 113,044 "," 98,274 ",15.0," 21,039 ",5373.05,1,2,4,,,
438,133650,Florida A&M University Foundation Inc.,Tallahassee,FL," 113,000 ", N/A ,N/A," 8,668 ",13037.06,1,1,4,,,
439,196079,The Foundation of the State University of New York at Binghamton Inc.,Binghamton,NY," 112,517 "," 96,307 ",16.8," 15,982 ",7040.23,1,2,4,,,
440,181020,Doane University,Crete,NE," 112,279 "," 108,388 ",3.6," 1,041 ",107856.52,2,2,2,,,
441,185828,New Jersey Institute of Technology,Newark,NJ," 111,434 "," 98,006 ",13.7," 9,346 ",11923.17,1,2,4,,,
442,214157,Moravian College,Bethlehem,PA," 111,317 "," 102,415 ",8.7," 2,129 ",52286.26,2,2,2,,,
443,199412,Queens University of Charlotte,Charlotte,NC," 111,049 "," 100,835 ",10.1, 450 ,246775.57,2,2,3,,,
444,107558,University of the Ozarks,Clarksville,AR," 110,874 "," 87,915 ",26.1, 674 ,164501.65,2,2,2,,,
445,148487,Roosevelt University,Chicago,IL," 109,643 "," 81,481 ",34.6," 3,815 ",28739.89,2,2,3,,,
446,239716,St. Norbert College,De Pere,WI," 109,171 "," 99,575 ",9.6," 2,142 ",50967.07,2,2,2,,,
447,147660,North Central College,Naperville,IL," 108,862 "," 97,478 ",11.7," 2,740 ",39730.52,2,2,3,,,
448,147244,Millikin University,Decatur,IL," 108,424 "," 115,224 ",-5.9," 2,401 ",45157.86,2,2,2,,,
449,150668,Goshen College,Goshen,IN," 107,351 "," 100,965 ",6.3, 797 ,134694.37,2,2,2,,,
450,238476,Carthage College,Kenosha,WI," 106,972 "," 85,636 ",24.9," 2,850 ",37534.21,2,2,2,,,
451,206525,Wittenberg University,Springfield,OH," 106,595 "," 98,716 ",8.0," 1,825 ",58408.07,2,2,2,,,
452,171128,Michigan Technological University,Houghton,MI," 106,419 "," 97,633 ",9.0," 6,837 ",15565.11,1,2,4,,,
453,177117,Cottey College,Nevada,MO," 106,392 "," 104,788 ",1.5, 292 ,364355.15,2,2,2,,,
454,136172,University of North Florida Foundation Inc.,Jacksonville,FL," 106,179 ", N/A ,N/A," 4,530 ",23439.16,1,2,3,,,
455,198835,Lenoir-Rhyne University,Hickory,NC," 106,007 "," 97,139 ",9.1," 2,247 ",47176.95,2,2,3,,,
456,227881,Sam Houston State University,Huntsville,TX," 105,445 "," 96,512 ",9.3," 15,117 ",6975.29,1,2,4,,,
457,102368,Troy University Foundation,Troy,AL," 104,409 "," 97,162 ",7.5," 13,254 ",7877.53,1,2,3,,,
458,195304,Sarah Lawrence College,Bronxville,NY," 104,316 "," 89,955 ",16.0," 1,691 ",61689.00,2,2,2,,,
459,232609,Lynchburg College,Lynchburg,VA," 104,307 "," 96,521 ",8.1," 2,405 ",43370.89,2,2,3,,,
460,165529,Curry College,Milton,MA," 104,135 "," 95,669 ",8.8," 1,986 ",52434.74,2,2,3,,,
461,198950,Meredith College,Raleigh,NC," 103,514 "," 93,091 ",11.2," 1,959 ",52840.09,2,2,2,,,
462,236577,Seattle Pacific University,Seattle,WA," 103,489 "," 84,585 ",22.3," 4,014 ",25782.02,2,2,4,,,
463,110608,CALIFORNIA STATE UNIVERSITY NORTHRIDGE,Northridge,CA," 102,611 "," 91,653 ",12.0," 32,256 ",3181.14,1,2,3,,,
464,164562,Assumption College,Worcester,MA," 102,544 "," 93,937 ",9.2," 2,367 ",43322.50,2,2,3,,,
465,151263,University of Indianapolis,Indianapolis,IN," 101,357 "," 91,052 ",11.3," 4,584 ",22110.98,2,2,3,,,
466,157447,Northern Kentucky University Foundation Inc.,Highland Heights,KY," 100,270 "," 89,782 ",11.7," 11,926 ",8407.69,1,2,3,,,
467,150215,Christian Theological Seminary,Indianapolis,IN," 99,656 "," 94,192 ",5.8, 106 ,940153.88,2,2,5,,,
468,227845,St. Edward's University,Austin,TX," 99,593 "," 90,590 ",9.9," 4,237 ",23505.45,2,2,3,,,
469,197869,Appalachian State University and Foundation,Boone,NC," 98,593 "," 88,738 ",11.1," 17,571 ",5611.14,1,2,3,,,
470,142115,Boise State University Foundation Inc.,Boise,ID," 98,457 "," 88,854 ",10.8," 15,954 ",6171.32,1,2,4,,,
471,193973,Niagara University,Niagara Falls,NY," 98,008 "," 87,283 ",12.3," 3,726 ",26303.71,2,2,3,,,
472,110714,UC Santa Cruz Foundation,Santa Cruz,CA," 96,954 "," 82,379 ",17.7," 18,425 ",5262.03,1,2,4,,,
473,220978,Middle Tennessee State University,Murfreesboro,TN," 96,809 "," 89,260 ",8.5," 18,116 ",5343.85,1,2,4,,,
474,110529,California State Polytechnic University Pomona,Pomona,CA," 96,139 "," 85,625 ",12.3," 22,078 ",4354.54,1,2,3,,,
475,110413,California Lutheran University,Thousand Oaks,CA," 96,040 "," 91,724 ",4.7," 3,908 ",24575.10,2,2,3,,,
476,173896,Luther Seminary,St. Paul,MN," 95,957 "," 87,638 ",9.5, 325 ,295251.00,2,2,5,,,
477,171492,Northwood University,Midland,MI," 95,288 "," 86,516 ",10.1," 2,545 ",37441.14,2,2,5,,,
478,218539,Presbyterian College,Clinton,SC," 95,284 "," 88,498 ",7.7," 1,303 ",73126.66,2,2,2,,,
479,236230,Pacific Lutheran University,Tacoma,WA," 95,123 "," 81,062 ",17.3," 2,970 ",32027.88,2,2,3,,,
480,176372,The University of Southern Mississippi Foundation,Hattiesburg,MS," 94,751 "," 83,296 ",13.8," 12,682 ",7471.29,1,2,4,,,
481,199218,University of North Carolina Wilmington,Wilmington,NC," 94,362 "," 81,575 ",15.7," 13,761 ",6857.22,1,2,3,,,
482,168227,Wentworth Institute of Technology Inc.,Boston,MA," 94,092 "," 84,113 ",11.9," 3,932 ",23929.90,2,2,3,,,
483,196307,SUNY Upstate Medical University,Syracuse,NY," 94,055 "," 83,688 ",12.4," 1,556 ",60446.37,1,2,5,,,
484,228981,Texas Lutheran University,Seguin,TX," 93,991 "," 86,843 ",8.2," 1,251 ",75132.79,2,2,2,,,
485,232423,James Madison University Foundation Inc.,Harrisonburg,VA," 93,160 "," 79,977 ",16.5," 20,154 ",4622.43,1,2,3,,,
486,173665,Trustees of the Hamline University of Minnesota,St. Paul,MN," 92,392 "," 82,266 ",12.3," 2,753 ",33560.38,2,2,3,,,
487,125763,Whittier College,Whittier,CA," 92,323 "," 84,429 ",9.4," 1,957 ",47175.68,2,2,2,,,
488,117140,University of La Verne,La Verne,CA," 92,079 "," 75,874 ",21.4," 8,938 ",10301.92,2,2,4,,,
489,231970,Eastern Virginia Medical School Foundation,Norfolk,VA," 91,914 "," 82,644 ",11.2," 1,130 ",81339.60,1,2,5,,,
490,155061,Fort Hays State University Foundation,Hays,KS," 91,439 "," 69,022 ",32.5," 9,595 ",9529.90,1,2,3,,,
491,162760,HOOD COLLEGE OF FREDERICK MD,Frederick,MD," 91,295 "," 80,900 ",12.8," 1,560 ",58522.46,2,2,3,,,
492,109651,ArtCenter College of Design,Pasadena,CA," 90,330 "," 80,805 ",11.8," 1,996 ",45255.51,2,2,5,,,
493,145275,Garrett-Evangelical Theological Seminary,Evanston,IL," 90,016 "," 84,432 ",6.6, 269 ,334632.99,2,2,5,,,
494,211556,Chatham University,Pittsburgh,PA," 89,971 "," 86,995 ",3.4," 1,720 ",52308.45,2,2,3,,,
495,177214,Drury University,Springfield,MO," 89,839 "," 82,868 ",8.4," 1,357 ",66203.95,2,2,3,,,
496,152530,Taylor University,Upland,IN," 89,603 "," 81,113 ",10.5," 2,039 ",43944.57,2,2,2,,,
497,231581,Bridgewater College,Bridgewater,VA," 89,432 "," 79,424 ",12.6," 1,880 ",47570.45,2,2,2,,,
498,185572,Monmouth University,West Long Branch,NJ," 89,174 "," 77,882 ",14.5," 5,581 ",15978.14,2,2,3,,,
499,146481,Lake Forest College,Lake Forest,IL," 88,817 "," 85,271 ",4.2," 1,551 ",57264.21,2,2,2,,,
500,192703,Manhattan College,Bronx,NY," 88,592 "," 79,431 ",11.5," 4,081 ",21708.38,2,2,3,,,
501,231059,Saint Michael's College,Colchester,VT," 87,442 "," 83,022 ",5.3," 2,036 ",42948.05,2,2,2,,,
502,216852,Widener University,Chester,PA," 86,912 "," 80,739 ",7.6," 5,072 ",17135.74,2,2,4,,,
503,163295,Maryland Institute College of Art,Baltimore,MD," 86,074 "," 79,765 ",7.9," 2,016 ",42695.41,2,2,5,,,
504,206604,Wright State University Foundation Inc.,Dayton,OH," 85,798 "," 82,862 ",3.5," 13,685 ",6269.52,1,2,4,,,
505,202806,Franklin University,Columbus,OH," 85,193 "," 83,038 ",2.6," 3,028 ",28134.94,2,2,5,,,
506,213367,LA SALLE UNIVERSITY,Philadelphia,PA," 85,131 "," 81,634 ",4.3," 4,374 ",19462.94,2,2,3,,,
507,217518,Roger Williams University,Bristol,RI," 85,112 "," 79,246 ",7.4," 4,072 ",20901.71,2,2,3,,,
508,171571,Oakland University,Rochester,MI," 85,050 "," 75,673 ",12.4," 16,475 ",5162.34,1,2,4,,,
509,150534,University of Evansville,Evansville,IN," 84,754 "," 79,463 ",6.7," 2,540 ",33367.61,2,2,3,,,
510,150604,Franklin College,Franklin,IN," 84,607 "," 80,617 ",4.9, 986 ,85808.45,2,2,2,,,
511,125727,Westmont College,Santa Barbara,CA," 84,028 ", N/A ,N/A," 1,298 ",64736.18,2,2,2,,,
512,146977,McCormick Theological Seminary,Chicago,IL," 84,025 "," 81,397 ",3.2, 104 ,811680.77,2,2,5,,,
513,122597,SAN FRANCISCO STATE UNIVERSITY FOUNDATION,San Francisco,CA," 83,744 "," 72,207 ",16.0," 24,108 ",3473.68,1,2,4,,,
514,195720,St. John Fisher College,Rochester,NY," 83,680 "," 74,745 ",12.0," 3,632 ",23039.72,2,2,4,,,
515,155025,Emporia State University Foundation Inc.,Emporia,KS," 83,571 "," 77,552 ",7.8," 4,951 ",16879.72,1,2,3,,,
516,184603,Fairleigh Dickinson University,Teaneck,NJ," 83,300 "," 72,099 ",15.5," 9,118 ",9135.77,2,2,3,,,
517,127741,University of Northern Colorado Foundation Inc.,Greeley,CO," 82,782 "," 76,855 ",7.7," 10,312 ",8027.73,1,2,4,,,
518,169983,Kettering University,Flint,MI," 82,615 "," 75,432 ",9.5," 2,523 ",32744.74,2,2,3,,,
519,144892,Eastern Illinois University Foundation,Charleston,IL," 82,101 "," 74,818 ",9.7," 6,234 ",13169.86,1,2,3,,,
520,226587,McMurry University,Abilene,TX," 82,012 "," 72,642 ",12.9, 993 ,82589.92,2,2,2,,,
521,450304,Brite Divinity School,Fort Worth,TX," 81,801 "," 78,107 ",4.7, 169 ,484029.56,2,2,5,,,
522,174899,College of St. Scholastica Inc.,Duluth,MN," 81,621 "," 68,764 ",18.7," 3,904 ",20907.12,2,2,3,,,
523,219000,Augustana University,Sioux Falls,SD," 80,985 "," 72,026 ",12.4," 1,712 ",47304.41,2,2,2,,,
524,157298,Louisville Presbyterian Theological Seminary,Louisville,KY," 80,930 ", N/A ,N/A, 130 ,622541.65,2,2,5,,,
525,217819,College of Charleston Foundation,Charleston,SC," 80,870 "," 71,309 ",13.4," 11,294 ",7160.48,1,2,3,,,
526,172051,Saginaw Valley State University Foundation,University Center,MI," 80,534 "," 73,289 ",9.9," 7,647 ",10531.44,1,2,3,,,
527,210739,DeSales University,Center Valley,PA," 80,040 "," 69,226 ",15.6," 2,759 ",29010.51,2,2,3,,,
528,219976,Lipscomb University,Nashville,TN," 79,077 "," 68,798 ",14.9," 4,189 ",18877.38,2,2,4,,,
529,239628,Ripon College,Ripon,WI," 79,051 "," 76,721 ",3.0, 787 ,100445.38,2,2,2,,,
530,165699,Endicott College,Beverly,MA," 79,002 "," 67,162 ",17.6," 2,730 ",28938.59,2,2,3,,,
531,136330,Palm Beach Atlantic University,West Palm Beach,FL," 78,491 "," 74,082 ",6.0," 3,282 ",23915.61,2,2,3,,,
532,193830,New York Medical College,Valhalla,NY," 78,365 "," 73,778 ",6.2," 1,400 ",55975.22,2,2,5,,,
533,201548,Capital University,Columbus,OH," 78,045 "," 71,503 ",9.1," 3,194 ",24434.73,2,2,3,,,
534,232186,George Mason University Foundation Inc.,Fairfax,VA," 77,692 "," 71,566 ",8.6," 34,904 ",2225.89,1,2,4,,,
535,157401,Murray State University,Murray,KY," 77,580 "," 64,861 ",19.6," 8,592 ",9029.36,1,2,3,,,
536,230807,Westminster College,Salt Lake City,UT," 77,441 "," 68,661 ",12.8," 2,492 ",31075.82,2,2,3,,,
537,203845,Marietta College,Marietta,OH," 77,352 "," 70,671 ",9.5," 1,086 ",71226.81,2,2,2,,,
538,204264,Muskingum University,New Concord,OH," 77,231 "," 71,950 ",7.3," 1,924 ",40141.05,2,2,3,,,
539,200004,Western Carolina University,Cullowhee,NC," 76,976 "," 66,676 ",15.4," 9,815 ",7842.67,1,2,3,,,
540,217961,Converse College,Spartanburg,SC," 76,725 "," 70,303 ",9.1," 1,378 ",55678.67,2,2,3,,,
541,153108,Central College,Pella,IA," 76,453 "," 71,347 ",7.2," 1,220 ",62666.79,2,2,2,,,
542,212197,Elizabethtown College,Elizabethtown,PA," 76,065 "," 69,815 ",9.0," 1,802 ",42211.51,2,2,2,,,
543,195173,St. Francis College,Brooklyn Heights,NY," 75,386 "," 71,009 ",6.2," 2,642 ",28533.68,2,2,2,,,
544,196219,Purchase College Foundation,Purchase,NY," 75,382 "," 67,178 ",12.2," 3,897 ",19341.83,1,2,2,,,
545,213321,King's College,Wilkes Barre,PA," 75,366 "," 67,012 ",12.5," 2,235 ",33720.84,2,2,3,,,
546,132709,Broward College Foundation Inc.,Fort Lauderdale,FL," 75,009 "," 68,960 ",8.8," 38,616 ",1942.44,1,2,1,,,
547,147679,North Park University,Chicago,IL," 74,876 "," 72,046 ",3.9," 2,498 ",29974.26,2,2,3,,,
548,147703,Northern Illinois University Foundation,DeKalb,IL," 74,719 "," 66,508 ",12.3," 16,068 ",4650.28,1,2,4,,,
549,198613,Guilford College,Greensboro,NC," 74,545 "," 64,422 ",15.7," 1,679 ",44398.67,2,2,2,,,
550,153162,Cornell College,Mount Vernon,IA," 74,502 "," 70,926 ",5.0, 974 ,76490.66,2,2,2,,,
551,197197,Wagner College,Staten Island,NY," 74,482 "," 78,369 ",-5.0," 2,101 ",35450.56,2,2,3,,,
552,169910,The Ferris Foundation,Big Rapids,MI," 73,825 "," 65,226 ",13.2," 10,722 ",6885.36,1,2,3,,,
553,108092,University of Arkansas Fort Smith Foundation Inc.,Fort Smith,AR," 73,413 "," 66,217 ",10.9," 5,110 ",14366.49,1,2,2,,,
554,133711,Flagler College Inc.,St. Augustine,FL," 73,349 "," 64,711 ",13.3," 2,457 ",29853.11,2,2,2,,,
555,127185,Florida Institute of Technology,Melbourne,FL," 72,377 "," 62,703 ",15.4," 7,601 ",9522.08,1,2,2,,,
556,174747,College of Saint Benedict,St. Joseph,MN," 72,144 "," 60,290 ",19.7," 1,947 ",37054.17,2,2,2,,,
557,185590,Montclair State University Foundation,Montclair,NJ," 72,053 "," 62,842 ",14.7," 22,000 ",3275.14,1,2,4,,,
558,169798,Eastern Michigan University Foundation,Ypsilanti,MI," 71,975 "," 66,218 ",8.7," 16,367 ",4397.55,1,2,4,,,
559,240268,University of Wisconsin - Eau Claire Foundation Inc.,Eau Clair,WI," 71,452 "," 67,490 ",5.9," 9,692 ",7372.26,1,2,3,,,
560,167899,Springfield College,Springfield,MA," 70,520 "," 60,222 ",17.1," 4,478 ",15748.01,2,2,3,,,
561,138187,Valencia College Foundation,Orlando,FL," 70,318 "," 63,658 ",10.5," 25,622 ",2744.45,1,2,1,,,
562,132851,College of Central Florida Foundation Inc.,Ocala,FL," 70,257 "," 64,171 ",9.5," 2,307 ",30453.64,1,2,1,,,
563,155681,Pittsburg State University Foundation Inc.,Pittsburg,KS," 70,178 "," 64,555 ",8.7," 6,678 ",10508.86,1,2,3,,,
564,138354,University of West Florida Foundation Inc.,Pensacola,FL," 70,146 "," 60,043 ",16.8," 9,414 ",7451.25,1,2,4,,,
565,146612,Lewis University,Romeoville,IL," 69,021 "," 55,131 ",25.2," 5,275 ",13084.49,2,2,3,,,
566,211088,Arcadia University,Glenside,PA," 68,859 "," 62,893 ",9.5," 3,085 ",22320.58,2,2,3,,,
567,210571,Albright College,Reading,PA," 68,284 "," 63,008 ",8.4," 2,297 ",29727.67,2,2,2,,,
568,134079,Florida Southern College,Lakeland,FL," 67,816 "," 62,223 ",9.0," 2,879 ",23555.29,2,2,3,,,
569,213507,Lebanon Valley College,Annville,PA," 67,470 "," 60,271 ",11.9," 1,790 ",37692.76,2,2,3,,,
570,213020,Indiana University of Pennsylvania & Foundationxvi,Indiana,PA," 66,975 "," 60,683 ",10.4," 11,097 ",591.78,1,2,4,,,
571,110583,California State University Long Beach,Long Beach,CA," 66,613 ", N/A ,N/A," 31,605 ",2107.69,1,2,3,,,
572,237011,Western Washington University Foundation,Bellingham,WA," 66,277 "," 59,407 ",11.6," 14,483 ",4576.21,1,2,3,,,
573,106458,Arkansas State University System Foundation Inc.,State University,AR," 66,217 "," 54,910 ",20.6," 16,012 ",4135.48,1,2,3,,,
574,209612,Pacific University,Forest Grove,OR," 66,012 "," 59,902 ",10.2," 3,786 ",17435.76,2,2,3,,,
575,220710,Maryville College,Maryville,TN," 65,960 "," 63,769 ",3.4," 1,179 ",55945.80,2,2,2,,,
576,193584,Nazareth College,Rochester,NY," 65,661 "," 59,594 ",10.2," 2,673 ",24564.46,2,2,3,,,
577,156620,Eastern Kentucky University Foundation,Richmond,KY," 65,639 "," 57,903 ",13.4," 13,313 ",4930.47,1,2,3,,,
578,197221,Webb Institute,Glen Cove,NY," 65,525 "," 59,617 ",9.9, 92 ,712231.61,2,2,5,,,
579,196060,University at Albany Foundation,Albany,NY," 65,342 "," 59,273 ",10.2," 15,461 ",4226.12,1,2,4,,,
580,229179,Texas Woman's University,Denton,TX," 65,087 "," 58,717 ",10.8," 11,229 ",5796.32,1,2,4,,,
581,440031,Keck Graduate Institute of Applied Life Sciences,Claremont,CA," 64,528 "," 62,333 ",3.5, 501 ,128798.67,2,2,3,,,
582,195164,St. Bonaventure University,Saint Bonaventure,NY," 64,140 "," 57,944 ",10.7," 1,966 ",32624.82,2,2,3,,,
583,233541,Shenandoah University,Winchester,VA," 63,374 "," 60,294 ",5.1," 3,299 ",19209.98,2,2,4,,,
584,151324,Indiana State University Foundation Inc.,Terre Haute,IN," 62,299 "," 52,713 ",18.2," 11,452 ",5439.97,1,2,4,,,
585,110565,Cal State Fullerton Philanthropic Foundation,Fullerton,CA," 61,234 "," 53,113 ",15.3," 38,414 ",1594.05,1,2,4,,,
586,221847,Tennessee Tech University,Cookeville,TN," 61,091 "," 52,931 ",15.4," 9,125 ",6694.91,1,2,4,,,
587,234933,Clark College Foundation,Vancouver,WA," 61,004 "," 57,665 ",5.8," 11,313 ",5392.40,1,2,1,,,
588,110538,California State University Chico,Chico,CA," 60,995 "," 53,938 ",13.1," 16,343 ",3732.20,1,2,3,,,
589,212601,Gannon University,Erie,PA," 60,226 "," 56,566 ",6.5," 3,596 ",16747.96,2,2,3,,,
590,151777,Manchester University,North Manchester,IN," 60,186 "," 55,819 ",7.8," 1,584 ",37996.34,2,2,2,,,
591,173920,Minnesota State University Mankato,Mankato,MN," 59,916 "," 51,018 ",17.4," 13,752 ",4356.89,1,2,3,,,
592,217536,Salve Regina University,Newport,RI," 59,885 "," 53,951 ",11.0," 2,442 ",24522.93,2,2,3,,,
593,186283,Rider University,Lawrenceville,NJ," 58,676 "," 56,251 ",4.3," 4,592 ",12777.79,2,2,3,,,
594,,University of Northern British Columbia#,Prince George,BC," 58,330 "," 56,945 ",2.4," 2,755 ",21172.32,,,,,,
595,139366,COLUMBUS STATE UNIVERSITY FOUNDATION INC.,Columbus,GA," 58,329 "," 52,359 ",11.4," 7,160 ",8146.51,1,2,3,,,
596,238458,Carroll University,Waukesha,WI," 57,549 "," 51,973 ",10.7," 3,466 ",16603.98,2,2,3,,,
597,127918,Regis University,Denver,CO," 57,505 "," 53,345 ",7.8," 6,376 ",9018.95,2,2,3,,,
598,156286,Bellarmine University,Louisville,KY," 57,378 "," 50,543 ",13.5," 3,314 ",17313.96,2,2,3,,,
599,157854,Kentucky Community and Technical College System,Bowling Green,KY," 56,841 "," 49,766 ",14.2," 47,180 ",1204.77,0,2,,,,
600,234173,Virginia Wesleyan University,Virginia Beach,VA," 56,810 "," 52,577 ",8.1," 1,471 ",38620.04,2,2,2,,,
601,217013,Wilson College,Chambersburg,PA," 56,424 "," 57,811 ",-2.4, 706 ,79920.73,2,2,2,,,
602,181446,Nebraska Wesleyan University,Lincoln,NE," 56,351 "," 51,146 ",10.2," 1,804 ",31236.71,2,2,3,,,
603,133492,ECKERD COLLEGE,St. Petersburg,FL," 55,878 "," 51,282 ",9.0," 2,023 ",27621.44,2,2,2,,,
604,221838,Tennessee State University Foundation,Nashville,TN," 55,840 "," 50,246 ",11.1," 7,323 ",7625.31,1,1,4,,,
605,225548,Howard Payne University,Brownwood,TX," 55,604 "," 51,403 ",8.2," 1,100 ",50548.84,2,2,2,,,
606,243665,Foundation for the University Virgin Islands (FUVI),Kings Hill,VI," 55,549 "," 54,968 ",1.1," 1,789 ",30650.20,1,1,3,,,
607,199102,North Carolina A&T State University and Foundation,Greensboro,NC," 55,231 "," 48,074 ",14.9," 10,458 ",5281.20,1,1,4,,,
608,163851,Salisbury University Foundation,Salisbury,MD," 55,087 "," 51,188 ",7.6," 7,739 ",7118.11,1,2,3,,,
609,198695,HIGH POINT UNIVERSITY,High Point,NC," 54,874 "," 49,051 ",11.9," 4,771 ",11501.58,2,2,2,,,
610,216931,Wilkes University,Wilkes Barre,PA," 54,760 "," 47,608 ",15.0," 4,123 ",13281.66,2,2,3,,,
611,166850,Merrimack College,North Andover,MA," 54,359 "," 49,914 ",8.9," 3,861 ",14079.05,2,2,3,,,
612,193751,New York Chiropractic College,Seneca Falls,NY," 54,286 "," 49,324 ",10.1, 815 ,66608.84,2,2,5,,,
613,229063,Texas Southern University,Houston,TX," 54,171 "," 48,163 ",12.5," 8,157 ",6641.07,1,1,4,,,
614,199865,Warren Wilson College,Asheville,NC," 53,133 "," 52,102 ",2.0, 736 ,72192.19,2,2,2,,,
615,196185,State University College at Oneonta Foundation,Oneonta,NY," 52,886 "," 48,837 ",8.3," 6,061 ",8725.70,1,2,3,,,
616,174127,Minneapolis College of Art and Design,Minneapolis,MN," 52,832 "," 47,917 ",10.3, 754 ,70068.52,2,2,5,,,
617,220215,Freed-Hardeman University,Henderson,TN," 52,671 "," 48,966 ",7.6," 1,552 ",33937.74,2,2,3,,,
618,184773,GEORGIAN COURT UNIVERSITY,Lakewood,NJ," 52,523 "," 48,966 ",7.3," 1,770 ",29674.28,2,2,3,,,
619,168254,Western New England University,Springfield,MA," 51,376 "," 46,391 ",10.7," 3,421 ",15017.72,2,2,3,,,
620,153366,Graceland University,Lamoni,IA," 51,361 "," 47,723 ",7.6," 1,831 ",28050.63,2,2,3,,,
621,191676,Houghton College,Houghton,NY," 51,283 "," 45,971 ",11.6," 1,024 ",50080.97,2,2,2,,,
622,100654,Alabama A&M University,Normal,AL," 51,070 "," 51,100 ",-0.1," 4,903 ",10416.07,1,1,3,,,
623,139931,Georgia Southern University Foundation Inc.,Statesboro,GA," 50,999 "," 47,376 ",7.6," 19,085 ",2672.18,1,2,4,,,
624,232089,Ferrum College,Ferrum,VA," 50,959 "," 45,214 ",12.7," 1,125 ",45297.02,2,2,2,,,
625,115728,Holy Names University,Oakland,CA," 50,946 "," 47,674 ",6.9, 734 ,69408.26,2,2,3,,,
626,140234,LaGrange College,LaGrange,GA," 50,908 "," 49,012 ",3.9, 971 ,52424.77,2,2,2,,,
627,240107,Viterbo University Inc.,La Crosse,WI," 50,865 "," 44,727 ",13.7," 2,181 ",23321.87,2,2,3,,,
628,178059,Maryville University of St. Louis,St. Louis,MO," 50,672 "," 44,285 ",14.4," 4,151 ",12207.18,2,2,4,,,
629,218964,Winthrop University Foundation,Rock Hill,SC," 50,277 "," 40,968 ",22.7," 5,091 ",9875.75,1,2,3,,,
630,233277,Radford University Foundation Inc.,Radford,VA," 50,153 "," 44,784 ",12.0," 8,908 ",5630.09,1,2,3,,,
631,129491,Hartford Seminary Foundation,Hartford,CT," 49,613 "," 46,265 ",7.2, 92 ,539270.97,2,2,5,,,
632,154101,Northwestern College,Orange City,IA," 49,413 "," 44,166 ",11.9," 1,115 ",44316.79,2,2,2,,,
633,214069,Misericordia University,Dallas,PA," 49,224 "," 43,550 ",13.0," 2,225 ",22123.00,2,2,3,,,
634,155089,Friends University,Wichita,KS," 49,065 "," 43,134 ",13.7," 1,447 ",33907.78,2,2,3,,,
635,147369,Moody Bible Institute of Chicago,Chicago,IL," 49,006 "," 45,265 ",8.3," 3,031 ",16168.34,2,2,5,,,
636,203085,Heidelberg University,Tiffin,OH," 48,937 "," 44,838 ",9.1," 1,208 ",40510.64,2,2,3,,,
637,215743,SAINT FRANCIS UNIVERSITY,Loretto,PA," 48,642 "," 42,724 ",13.9," 2,235 ",21763.87,2,2,3,,,
638,115047,Gateway Seminary,Ontario,CA," 48,475 "," 50,671 ",-4.3, 254 ,190848.15,,,,,,
639,166018,Hampshire College,Amherst,MA," 48,462 "," 39,606 ",22.4," 1,323 ",36630.14,2,2,2,,,
640,232681,University of Mary Washington,Fredericksburg,VA," 47,957 "," 43,653 ",9.9," 4,180 ",11472.94,1,2,3,,,
641,110361,California Baptist University,Riverside,CA," 47,704 "," 41,825 ",14.1," 9,082 ",5252.55,2,2,3,,,
642,123572,Sonoma State University Foundation,Rohnert Park,CA," 47,077 "," 44,020 ",6.9," 9,323 ",5049.55,1,2,3,,,
643,115083,Golden Gate University,San Francisco,CA," 46,266 "," 50,252 ",-7.9," 1,554 ",29772.30,2,2,3,,,
644,161873,University of Baltimore Foundation,Baltimore,MD," 46,082 "," 41,950 ",9.9," 4,287 ",10749.35,1,2,3,,,
645,155511,McPherson College,McPherson,KS," 46,072 "," 44,411 ",3.7, 678 ,67952.55,2,2,2,,,
646,214379,Northampton County Area Community College Foundation,Bethlehem,PA," 46,060 "," 40,846 ",12.8," 7,406 ",6219.30,4,2,1,,,
647,136774,Ringling College of Art and Design Inc.,Sarasota,FL," 45,631 "," 40,961 ",11.4," 1,294 ",35263.67,2,2,5,,,
648,115214,Graduate Theological Union,Berkeley,CA," 45,604 "," 41,654 ",9.5, 182 ,250572.30,2,2,5,,,
649,110617,The University Foundation at Sacramento State,Sacramento,CA," 45,581 "," 39,568 ",15.2," 26,221 ",1738.33,1,2,3,,,
650,154004,Morningside College,Sioux City,IA," 45,395 "," 41,808 ",8.6," 2,049 ",22154.85,2,2,3,,,
651,139199,Brenau University,Gainesville,GA," 45,254 "," 30,309 ",49.3," 1,972 ",22948.27,2,2,3,,,
652,217907,Coker College,Hartsville,SC," 45,027 "," 40,554 ",11.0," 1,091 ",41271.36,2,2,2,,,
653,202073,Cleveland Institute of Music,Cleveland,OH," 44,635 "," 40,331 ",10.7, 421 ,106021.38,2,2,5,,,
654,199111,The University of North Carolina at Asheville,Asheville,NC," 44,292 "," 40,499 ",9.4," 3,524 ",12568.66,1,2,2,,,
655,134945,Jacksonville University,Jacksonville,FL," 44,286 "," 43,782 ",1.1," 2,490 ",17785.44,2,2,3,,,
656,173045,Augsburg University,Minneapolis,MN," 43,878 "," 39,413 ",11.3," 3,129 ",14023.13,2,2,3,,,
657,173142,Bethany Lutheran College Inc,Mankato,MN," 43,296 "," 39,853 ",8.6, 537 ,80624.81,2,2,2,,,
658,214564,SALUS UNIVERSITY,Elkins Park,PA," 43,207 "," 38,446 ",12.4," 1,135 ",38067.84,2,2,5,,,
659,232706,Marymount University,Arlington,VA," 43,050 "," 37,393 ",15.1," 3,062 ",14059.31,2,2,3,,,
660,176965,University of Central Missouri,Warrensburg,MO," 42,891 "," 47,193 ",-9.1," 10,508 ",4081.72,1,2,3,,,
661,196149,SUNY CORTLAND- COLLEGE FOUNDATION,Cortland,NY," 42,510 "," 37,626 ",13.0," 6,410 ",6631.77,1,2,3,,,
662,195234,The College of Saint Rose,Albany,NY," 42,289 "," 39,279 ",7.7," 3,455 ",12240.01,2,2,3,,,
663,199999,Winston-Salem State University and Foundation,Winston-Salem,NC," 42,284 "," 37,542 ",12.6," 4,806 ",8798.20,1,1,3,,,
664,211158,Bloomsburg University Foundation,Bloomsburg,PA," 42,000 "," 28,052 ",49.7," 10,000 ",4200.00,1,2,3,,,
665,173328,Concordia University St. Paul,St. Paul,MN," 41,958 "," 41,498 ",1.1," 4,400 ",9536.01,2,2,3,,,
666,166391,Lasell College,Newton,MA," 41,706 "," 39,099 ",6.7," 1,927 ",21642.72,2,2,3,,,
667,147013,McKendree University,Lebanon,IL," 41,669 "," 35,605 ",17.0," 2,316 ",17991.71,2,2,3,,,
668,201104,Ashland University,Ashland,OH," 41,559 "," 36,853 ",12.8," 5,191 ",8006.35,2,2,4,,,
669,214166,Mount Aloysius College,Cresson,PA," 41,387 "," 35,416 ",16.9," 1,076 ",38463.56,2,2,2,,,
670,122506,San Francisco Conservatory of Music,San Francisco,CA," 41,016 "," 36,723 ",11.7, 399 ,102796.99,2,2,5,,,
671,176318,Rust College,Holly Springs,MS," 40,994 "," 35,979 ",13.9, 713 ,57495.11,2,1,2,,,
672,132471,Barry University Inc.,Miami Shores,FL," 40,086 "," 36,572 ",9.6," 6,339 ",6323.73,2,2,4,,,
673,180106,Carroll College,Helena,MT," 39,537 "," 35,911 ",10.1," 1,433 ",27590.61,2,2,2,,,
674,218724,Coastal Educational Foundation Inc. (Coastal Carolina University),Conway,SC," 39,432 "," 33,448 ",17.9," 10,663 ",3698.04,1,2,3,,,
675,216010,Shippensburg University Foundation,Shippensburg,PA," 38,899 "," 34,526 ",12.7," 6,105 ",6371.65,1,2,3,,,
676,110592,California State University Los Angeles Foundation,Los Angeles,CA," 38,770 "," 29,211 ",32.7," 22,856 ",1696.28,1,2,3,,,
677,219833,Christian Brothers University,Memphis,TN," 38,590 "," 33,687 ",14.6," 2,138 ",18049.74,2,2,3,,,
678,206862,Southern Nazarene University,Bethany,OK," 38,580 "," 40,263 ",-4.2," 2,255 ",17108.75,2,2,3,,,
679,216764,West Chester University  & Foundation,West Chester,PA," 38,393 "," 33,526 ",14.5," 14,874 ",2581.18,1,2,3,,,
680,110510,CSUSB Philanthropic Foundation,San Bernardino,CA," 37,702 "," 23,298 ",61.8," 18,070 ",2086.43,1,2,3,,,
681,232672,Mary Baldwin University,Staunton,VA," 37,543 "," 35,172 ",6.7," 1,378 ",27244.51,2,2,3,,,
682,180416,Montana Tech Foundation,Butte,MT," 37,018 "," 34,018 ",8.8," 2,481 ",14920.41,1,2,2,,,
683,182634,Colby-Sawyer College,New London,NH," 36,579 "," 34,955 ",4.6," 1,013 ",36109.47,2,2,2,,,
684,147536,National Louis University,Wheeling,IL," 36,561 "," 31,507 ",16.0," 2,858 ",12792.65,2,2,4,,,
685,161457,University of New England,Biddeford,ME," 36,506 "," 32,367 ",12.8," 6,764 ",5397.15,2,2,3,,,
686,234155,Virginia State University,Petersburg,VA," 36,143 "," 33,902 ",6.6," 4,165 ",8677.85,1,1,3,,,
687,193292,Molloy College,Rockville Centre,NY," 36,142 "," 32,215 ",12.2," 3,820 ",9461.16,2,2,3,,,
688,153825,Loras College,Dubuque,IA," 36,106 "," 30,343 ",19.0," 1,470 ",24562.02,2,2,2,,,
689,240727,University of Wyoming,Laramie,WY," 36,030 ", N/A ,N/A," 10,601 ",3398.69,1,2,4,,,
690,157076,KENTUCKY WESLEYAN COLLEGE,Owensboro,KY," 36,023 "," 35,690 ",0.9, 651 ,55334.74,2,2,2,,,
691,112525,Western University of Health Sciences,Pomona,CA," 35,909 "," 33,440 ",7.4," 3,800 ",9449.84,2,2,5,,,
692,146728,LUTHERAN SCHOOL OF THEOLOGY AT CHICAGO,Chicago,IL," 35,782 "," 40,540 ",-11.7, 212 ,168782.55,2,2,5,,,
693,199272,William Peace University,Raleigh,NC," 35,606 "," 35,368 ",0.7, 931 ,38252.16,2,2,2,,,
694,200156,University of Jamestown,Jamestown,ND," 35,583 "," 33,116 ",7.5," 1,110 ",32056.86,2,2,2,,,
695,243823,Parker University,Dallas,TX," 35,262 "," 31,761 ",11.0," 1,070 ",32964.34,2,2,5,,,
696,195128,The Sage Colleges,Troy,NY," 35,099 "," 32,264 ",8.8," 2,294 ",15300.16,2,2,3,,,
697,212878,Harrisburg Area Community College Foundation,Harrisburg,PA," 34,726 ", N/A ,N/A," 18,000 ",1929.23,4,2,1,,,
698,205470,Sinclair Community College Foundation,Dayton,OH," 34,686 "," 31,364 ",10.6," 10,199 ",3400.95,4,2,1,,,
699,189547,Broome Community College Foundation Inc.,Binghamton,NY," 34,615 "," 31,203 ",10.9," 4,667 ",7417.13,4,2,1,,,
700,163578,Notre Dame of Maryland University,Baltimore,MD," 34,557 "," 33,983 ",1.7," 1,354 ",25522.44,2,2,3,,,
701,213826,Marywood University,Scranton,PA," 34,185 "," 30,059 ",13.7," 2,779 ",12301.76,2,2,3,,,
702,196194,Oswego College Foundation Inc.,Oswego,NY," 33,616 "," 29,481 ",14.0," 7,315 ",4595.51,1,2,3,,,
703,215655,Robert Morris University,Moon Township,PA," 33,434 "," 30,513 ",9.6," 4,248 ",7870.61,2,2,4,,,
704,179043,Rockhurst University,Kansas City,MO," 33,301 "," 32,180 ",3.5," 2,168 ",15360.27,2,2,3,,,
705,147828,Olivet Nazarene University Foundation,Bourbonnais,IL," 33,182 "," 29,492 ",12.5," 4,086 ",8121.01,2,2,3,,,
706,148496,Dominican University,River Forest,IL," 33,028 "," 31,557 ",4.7," 2,256 ",14640.28,2,2,3,,,
707,240338,Wisconsin Lutheran College Inc.,Milwaukee,WI," 32,941 "," 28,206 ",16.8," 1,035 ",31827.25,2,2,2,,,
708,206941,UNIVERSITY OF CENTRAL OKLAHOMA FOUNDATION,Edmond,OK," 32,810 ", N/A ,N/A," 12,524 ",2619.74,1,2,3,,,
709,196158,Fredonia State University of New York,Fredonia,NY," 32,369 "," 29,301 ",10.5," 4,604 ",7030.69,1,2,3,,,
710,211468,Cedar Crest College,Allentown,PA," 31,962 "," 27,765 ",15.1," 1,357 ",23553.27,2,2,2,,,
711,226091,Lamar University,Beaumont,TX," 31,726 "," 30,606 ",3.7," 9,920 ",3198.19,1,2,4,,,
712,163912,St. Mary's College of Maryland Foundation Inc.,St. Mary's City,MD," 31,675 "," 30,363 ",4.3," 1,597 ",19833.99,1,2,2,,,
713,211981,Delaware Valley University,Doylestown,PA," 31,661 "," 28,348 ",11.7," 2,108 ",15019.34,2,2,3,,,
714,215099,PHILADELPHIA UNIVERSITY,Philadelphia,PA," 31,493 "," 27,739 ",13.5," 3,395 ",9276.17,2,2,3,,,
715,213987,Mercyhurst University,Erie,PA," 30,663 "," 30,961 ",-1.0," 3,336 ",9191.49,2,2,3,,,
716,115755,Humboldt State University Advancement Foundation,Arcata,CA," 30,086 "," 27,068 ",11.1," 8,020 ",3751.36,1,2,3,,,
717,180595,Rocky Mountain College,Billings,MT," 29,723 "," 26,467 ",12.3, 965 ,30800.87,2,2,2,,,
718,196200,SUNY Potsdam College Foundation Inc.,Potsdam,NY," 29,610 "," 27,151 ",9.1," 3,701 ",8000.54,1,2,3,,,
719,192749,Manhattanville College,Purchase,NY," 29,593 "," 27,735 ",6.7," 1,698 ",17428.41,2,2,3,,,
720,113193,Cuesta College Foundation,San Luis Obispo,CA," 29,033 "," 26,866 ",8.1," 5,726 ",5070.75,4,2,1,,,
721,139764,Georgia Southwestern Foundation Inc.,Americus,GA," 28,944 "," 26,693 ",8.4," 2,954 ",9798.29,1,2,3,,,
722,201654,Cedarville University,Cedarville,OH," 28,843 "," 25,817 ",11.7," 3,378 ",8538.34,2,2,2,,,
723,232043,Eastern Mennonite University,Harrisonburg,VA," 28,793 "," 25,816 ",11.5," 1,459 ",19734.90,2,2,3,,,
724,130314,University of Saint Joseph,West Hartford,CT," 28,710 "," 25,789 ",11.3," 1,729 ",16604.97,2,2,3,,,
725,153126,Clarke University,Dubuque,IA," 28,364 "," 25,640 ",10.6, 978 ,29002.52,2,2,2,,,
726,213349,Kutztown University Foundation Inc.,Kutztown,PA," 27,940 "," 22,949 ",21.8," 7,826 ",3570.19,1,2,3,,,
727,238193,Alverno College,Milwaukee,WI," 27,709 "," 23,855 ",16.2," 1,796 ",15428.18,2,2,3,,,
728,127556,Colorado Mesa University Foundation,Grand Junction,CO," 27,698 "," 24,561 ",12.8," 6,584 ",4206.82,1,2,2,,,
729,178624,Northwest Missouri State University,Maryville,MO," 27,261 "," 25,009 ",9.0," 6,593 ",4134.79,1,2,3,,,
730,198066,Brevard College,Brevard,NC," 27,013 "," 22,697 ",19.0, 697 ,38776.70,2,2,2,,,
731,137476,St. Thomas University,Miami Gardens,FL," 27,003 "," 24,158 ",11.8," 2,512 ",10749.73,2,2,3,,,
732,168430,The Worcester State Foundation Inc.,Worcester,MA," 26,576 "," 22,267 ",19.3," 4,747 ",5598.42,1,2,3,,,
733,,American University in Bulgaria,Washington,DC," 26,179 "," 23,943 ",9.3, 872 ,30021.89,,,,,,
734,130493,Southern CT State University Foundation Inc.,New Haven,CT," 25,715 "," 22,195 ",15.9," 7,798 ",3297.58,1,2,3,,,
735,154013,Mount Mercy University,Cedar Rapids,IA," 25,504 "," 22,241 ",14.7," 1,606 ",15880.34,2,2,3,,,
736,147031,Meadville Lombard Theological School,Chicago,IL," 25,227 "," 23,069 ",9.4, 79 ,319334.18,2,2,5,,,
737,215266,Bradford Educational Foundation - University of Pittsburgh at Bradford,Bradford,PA," 24,751 "," 22,613 ",9.5," 1,410 ",17553.87,1,2,2,,,
738,236896,Walla Walla University,College Place,WA," 24,725 "," 22,485 ",10.0," 1,753 ",14104.66,2,2,3,,,
739,214883,Peirce College,Philadelphia,PA," 24,718 "," 22,674 ",9.0," 1,033 ",23928.47,2,2,2,,,
740,217420,Rhode Island College Foundation,Providence,RI," 24,683 "," 21,433 ",15.2," 7,000 ",3526.21,1,2,3,,,
741,177144,Culver-Stockton College,Canton,MO," 24,455 "," 20,068 ",21.9," 1,055 ",23180.10,2,2,2,,,
742,102234,Spring Hill College,Mobile,AL," 24,330 "," 22,598 ",7.7," 1,422 ",17109.86,2,2,2,,,
743,204617,Ohio Dominican University,Columbus,OH," 24,106 "," 25,141 ",-4.1," 1,812 ",13303.39,2,2,3,,,
744,366711,California State University San Marcos Foundation,San Marcos,CA," 24,097 "," 22,009 ",9.5," 10,869 ",2217.04,1,2,3,,,
745,161165,Husson University,Bangor,ME," 24,017 "," 21,534 ",11.5," 3,140 ",7648.79,,,,,,
746,187134,The College of New Jersey Foundation Inc.,Trenton,NJ," 24,013 "," 23,118 ",3.9," 6,962 ",3449.12,1,2,3,,,
747,110486,California State University Bakersfield Foundation,Bakersfield,CA," 23,940 "," 21,629 ",10.7," 8,352 ",2866.32,1,2,3,,,
748,218885,TRI-COUNTY TECHNICAL COLLEGE FOUNDATION INC.,Pendleton,SC," 23,637 "," 21,330 ",10.8," 4,452 ",5309.22,4,2,1,,,
749,123943,Marshall B. Ketchum University,Fullerton,CA," 23,635 "," 19,680 ",20.1, 544 ,43446.45,2,2,5,,,
750,110501,California State University Office of the Chancellor,Long Beach,CA," 23,615 "," 19,184 ",23.1," 1,475 ",16010.11,0,2,,,,
751,197045,Utica College,Utica,NY," 23,578 "," 21,575 ",9.3," 4,545 ",5187.76,2,2,3,,,
752,205203,University of Rio Grande,Rio Grande,OH," 22,950 "," 21,548 ",6.5," 1,590 ",14434.13,2,2,2,,,
753,409698,California State University Monterey Bay,Seaside,CA," 22,839 "," 20,217 ",13.0," 7,063 ",3233.66,1,2,3,,,
754,199281,University of North Carolina at Pembroke,Pembroke,NC," 22,727 "," 20,435 ",11.2," 5,584 ",407.46,1,2,3,,,
755,153375,Grand View University,Des Moines,IA," 22,613 "," 20,083 ",12.6," 1,763 ",12826.52,2,2,2,,,
756,188340,Vaughn College of Aeronautics and Technology,Flushing,NY," 22,593 ", N/A ,N/A," 1,468 ",15390.56,2,2,2,,,
757,149231,SIUE Foundation,Edwardsville,IL," 22,378 "," 19,245 ",16.3," 11,870 ",1885.28,1,2,3,,,
758,169521,Delta College,University Center,MI," 22,302 "," 20,074 ",11.1," 5,006 ",4454.99,4,2,1,,,
759,155210,Johnson County Community College Foundation,Overland Park,KS," 21,405 "," 20,004 ",7.0," 10,493 ",2039.98,4,2,1,,,
760,231420,Averett University,Danville,VA," 21,349 "," 19,784 ",7.9," 1,227 ",17399.52,2,2,2,,,
761,218821,Spartanburg Methodist College,Spartanburg,SC," 21,345 "," 19,984 ",6.8, 734 ,29080.98,5,2,1,,,
762,198543,Fayetteville State University,Fayetteville,NC," 21,212 "," 19,705 ",7.6," 5,431 ",3905.69,1,1,3,,,
763,141486,Chaminade University of Honolulu,Honolulu,HI," 20,829 "," 19,080 ",9.2," 1,792 ",11623.15,2,2,3,,,
764,235097,Eastern Washington University Foundation,Cheney,WA," 20,790 "," 18,483 ",12.5," 11,286 ",1842.13,1,2,3,,,
765,226231,LeTourneau University,Longview,TX," 20,349 "," 20,004 ",1.7," 2,120 ",9598.57,2,2,3,,,
766,,Auburn Theological Seminary,New York,NY," 20,299 "," 20,423 ",-0.6, 350 ,57995.86,,,,,,
767,208318,Central Oregon Community College Foundation,Bend,OR," 20,099 "," 17,326 ",16.0," 1,606 ",12514.66,4,2,1,,,
768,196246,Plattsburgh College Foundation - SUNY Plattsburgh,Plattsburgh,NY," 19,893 "," 18,233 ",9.1," 5,220 ",3810.93,1,2,3,,,
769,238430,Cardinal Stritch University Inc.,Milwaukee,WI," 19,842 "," 20,335 ",-2.4," 2,212 ",8970.15,2,2,4,,,
770,199184,The University of North Carolina School of the Arts,Winston-Salem,NC," 19,825 "," 18,590 ",6.6," 1,288 ",15391.82,1,2,5,,,
771,170541,Kalamazoo Valley Community College,Kalamazoo,MI," 19,608 "," 18,239 ",7.5," 2,336 ",8393.94,4,2,1,,,
772,167783,Simmons College,Boston,MA," 19,534 "," 18,163 ",7.5," 5,484 ",3562.04,2,2,3,,,
773,232937,Norfolk State University Foundation,Norfolk,VA," 19,493 "," 21,604 ",-9.8," 5,453 ",3574.75,1,1,3,,,
774,186201,Ramapo College of New Jersey,Mahwah,NJ," 19,107 "," 17,372 ",10.0," 5,470 ",3493.07,1,2,3,,,
775,205443,Shawnee State University Development Foundation,Portsmouth,OH," 18,780 "," 18,025 ",4.2," 3,738 ",5023.97,1,2,2,,,
776,202514,Defiance College,Defiance,OH," 18,000 "," 16,849 ",6.8, 566 ,31801.60,2,2,2,,,
777,112127,Church Divinity School of the Pacific,Berkeley,CA," 17,352 "," 16,646 ",4.2, 67 ,258983.73,2,2,5,,,
778,165820,Fitchburg State University Foundation Inc.,Fitchburg,MA," 17,073 "," 15,700 ",8.7," 5,200 ",3283.19,1,2,3,,,
779,161563,Thomas College,Waterville,ME," 16,314 "," 14,404 ",13.3," 1,142 ",14285.43,2,2,3,,,
780,110574,Cal State East Bay Educational Foundation,Hayward,CA," 16,173 "," 17,043 ",-5.1," 13,904 ",1163.20,1,2,3,,,
781,172334,Spring Arbor University,Spring Arbor,MI," 16,064 "," 14,301 ",12.3," 2,956 ",5434.50,2,2,3,,,
782,238980,Lakeland University Foundation Inc.,Sheboygan,WI," 16,044 ", N/A ,N/A," 1,789 ",8967.98,2,2,3,,,
783,166674,Massachusetts College of Art and Design Foundation Inc.,Boston,MA," 15,634 ", N/A ,N/A," 1,758 ",8892.96,1,2,5,,,
784,154059,North Iowa Area Community College,Mason City,IA," 15,445 "," 14,654 ",5.4," 1,921 ",8040.03,4,2,1,,,
785,,Trinity Western University#,Langley,BC," 15,343 "," 13,211 ",16.1," 2,377 ",6454.80,,,,,,
786,441937,California State University Channel Islands,Camarillo,CA," 15,137 "," 12,831 ",18.0," 6,611 ",2289.65,1,2,3,,,
787,,Virginia State University Foundation,Petersburg,VA," 14,979 "," 13,330 ",12.4," 4,584 ",3267.70,,,,,,
788,171456,Northern Michigan University,Marquette,MI," 14,949 "," 13,628 ",9.7," 6,780 ",2204.80,1,2,3,,,
789,135160,The Foundation for Florida Gateway College,Lake City,FL," 14,606 "," 13,655 ",7.0, 929 ,15722.35,1,2,1,,,
790,243577,POLYTECHNIC UNIVERSITY OF PUERTO RICO,Hato Rey,PR," 14,324 "," 13,270 ",7.9," 3,403 ",4209.12,2,2,5,,,
791,172200,Schoolcraft College Foundation,Livonia,MI," 14,217 "," 13,283 ",7.0," 11,546 ",1231.36,1,2,1,,,
792,192192,Keuka College,Keuka Park,NY," 13,866 "," 13,063 ",6.1," 1,001 ",13852.50,2,2,3,,,
793,149842,William Rainey Harper College Educational Foundation,Palatine,IL," 13,703 "," 12,441 ",10.1," 7,907 ",1733.07,4,2,1,,,
794,167260,Nichols College,Dudley,MA," 13,682 "," 11,566 ",18.3," 1,219 ",11223.96,2,2,5,,,
795,110495,California State University Stanislaus Foundation,Turlock,CA," 13,538 "," 11,638 ",16.3," 8,241 ",1642.77,1,2,3,,,
796,182980,New England College,Henniker,NH," 13,095 "," 11,650 ",12.4," 2,652 ",4937.28,2,2,3,,,
797,167288,Massachusetts College of Liberal Arts Foundation Inc.,North Adams,MA," 12,140 "," 10,303 ",17.8," 1,441 ",8424.66,1,2,2,,,
798,196015,Canton College Foundation Inc.,Canton,NY," 11,985 "," 10,827 ",10.7," 2,872 ",4172.96,1,2,2,,,
799,,Five Colleges Incorporated,Amherst,MA," 11,732 "," 10,644 ",10.2, N/A ,N/A,,,,,,
800,,Weber State University Foundation,Ogden,UT," 11,217 "," 10,619 ",5.6," 16,509 ",679.48,,,,,,
801,219082,Dakota State University Foundation,Madison,SD," 11,153 "," 10,093 ",10.5," 1,897 ",5879.43,1,2,3,,,
802,164872,Boston Architectural College,Boston,MA," 11,133 "," 10,083 ",10.4, 99 ,112449.86,2,2,5,,,
803,110547,California State University Dominguez Hills Philanthropic Foundation,Carson,CA," 9,943 "," 9,009 ",10.4," 11,533 ",862.11,1,2,3,,,
804,221908,Northeast State Community College,Blountville,TN," 9,937 "," 9,056 ",9.7," 4,200 ",2366.06,4,2,1,,,
805,232414,J Sargeant Reynolds Community College Educational Foundation,Richmond,VA," 9,513 "," 8,384 ",13.5," 5,692 ",1671.21,4,2,1,,,
806,170037,Cornerstone University,Grand Rapids,MI," 9,496 "," 8,432 ",12.6," 1,916 ",4955.92,2,2,3,,,
807,221643,Pellissippi State Community College Foundation,Knoxville,TN," 9,486 "," 8,251 ",15.0," 6,790 ",1396.99,4,2,1,,,
808,220914,Mid-America Baptist Theological Seminary,Cordova,TN," 9,229 "," 10,344 ",-10.8, 225 ,41016.57,,,,,,
809,111188,The California Maritime Academy Foundation Inc.,Vallejo,CA," 8,153 "," 7,114 ",14.6," 1,197 ",6810.88,1,2,2,,,
810,231536,Blue Ridge Community College Educational Foundation Inc.,Weyers Cave,VA," 8,049 "," 7,111 ",13.2," 2,333 ",3450.16,4,2,1,,,
811,123457,Simpson University,Redding,CA," 7,207 "," 6,540 ",10.2, 825 ,8735.24,2,2,3,,,
812,218353,Midlands Technical College Foundation,Columbia,SC," 6,977 "," 6,169 ",13.1," 7,149 ",975.89,4,2,1,,,
813,144944,ELGIN COMMUNITY COLLEGE FOUNDATION,Elgin,IL," 6,020 "," 5,383 ",11.8," 5,773 ",1042.77,4,2,1,,,
814,134495,The Hillsborough Community College Foundation,Tampa,FL," 5,768 "," 5,064 ",13.9," 9,360 ",616.23,4,2,1,,,
815,119678,NAVAL POSTGRADUATE SCHOOL FOUNDATION,Monterey,CA," 5,692 "," 5,184 ",9.8," 1,479 ",3848.80,1,2,4,,,
816,141167,Thomas University,Thomasville,GA," 5,472 "," 4,976 ",10.0, 806 ,6789.20,2,2,3,,,
817,228884,TEXAS COLLEGE,Tyler,TX," 4,308 "," 3,220 ",33.8, 929 ,4637.57,2,1,2,,,
818,233611,Southern Virginia University,Buena Vista,VA," 1,283 "," 1,087 ",18.1, 778 ,1649.69,2,2,2,,,
,,,,,,,,,,,,,,,
,,Average,,," 704,527 "," 646,844 ",8.9,," 121,484 ",,,,,,
,,Median,,," 130,936 "," 123,487 ",6.0,," 31,840 ",,,,,,
,,,,,,,,,,,,,,,
,,,,,,,,,,,,,,,
,,,,,,,,,,,,,,,
"Source: NACUBO and Commonfund Institute, 2017 NACUBO-Commonfund Study of Endowments. This table was created in January 2018. Any changes made after January are not reflected in the full 2017 NCSE final report. ",,,,,,,,,,,,,,,
,,,,,,,,,,,,,,,
Footnotes: ,,,,,,,,,,,,,,,
,,,,,,,,,,,,,,,
"1. IPEDS Unit ID Number. Available only for U.S. colleges, universities, and governing board system offices. There are no IPEDS ID numbers for Canadian institutions or for non-profit higher education organizations that do not enroll students. ",,,,,,,,,,,,,,,
IPEDS (the Integrated Postsecondary Education Data System) is conducted each year by the National Center for Education Statistics.,,,,,,,,,,,,,,,
,,,,,,,,,,,,,,,
"2. The change in market values listed for the participating institutions DOES NOT represent the investment rate of return for the endowments’ investments. Rather, the change in the market value of an endowment from FY2014 to FY2015 reflects the net impact of:",,,,,,,,,,,,,,,
    1) withdrawals to fund institutional operations and capital expenses;,,,,,,,,,,,,,,,
    2) the payment of endowment management and investment fees;,,,,,,,,,,,,,,,
    3) additions from donor gifts and other contributions; and,,,,,,,,,,,,,,,
    4) investment gains or losses.,,,,,,,,,,,,,,,
"The market values also include the estimated valuations of real estate and other “illiquid” assets, which may have large increases or decreases in value during a relatively short period of time. In addition, transfers to the endowment from other institutional budget accounts, and changes in foreign currency exchange rates for non-U.S. investments, may account for large changes in endowment market values. ",,,,,,,,,,,,,,,
"These factors suggest that any large increases or decreases in endowments over the past year may be exaggerated. As such, large percentage changes should be interpreted very cautiously.",,,,,,,,,,,,,,,
,,,,,,,,,,,,,,,
"#Endowment market value data for Canadian institutions are expressed in U.S. dollars, based on the U.S./Canadian dollar conversion rates in effect on or around June 30, 2016 (for FY2016) and June 30, 2016 (for FY2015), as reported by the Bank of Canada Web site (http://www.bankofcanada.ca/en/rates/exchform.html). Data from Canadian institutions is NOT included in the full 2016 NCSE report.  ",,,,,,,,,,,,,,,
,,,,,,,,,,,,,,,
"3. Except as indicated, FTE is self-reported by each NCSE participating institutions. For institutions that did not report FTE, the data were estimated based on calculations from the IPEDS 2016 Fall Enrollment. ",,,,,,,,,,,,,,,
Endowment per FTE is calculated by dividing FY2016 endowment values by FTE enrollment. Endowment per FTE and FTE enrollment are provided for U.S. colleges and universities and affiliated foundations only. ,,,,,,,,,,,,,,,
"Due to rounding, calculations for endowment per FTE details may not equal total values. ",,,,,,,,,,,,,,,
,,,,,,,,,,,,,,,
4. HBCU indicates the institution's Historically Black College or University status .,,,,,,,,,,,,,,,
1=HBCU,,,,,,,,,,,,,,,
2=Non-HBCU (records with blanks should also be considered non-HBCUs),,,,,,,,,,,,,,,
,,,,,,,,,,,,,,,
"5. Sector indicates the type of institution. Sector is provided by IPEDS and is added for U.S. colleges, universities, and state system offices only. ",,,,,,,,,,,,,,,
   0=State system office (does not directly enroll students),,,,,,,,,,,,,,,
   1=4-year public college or university,,,,,,,,,,,,,,,
  2=4-year private non-profit college or university,,,,,,,,,,,,,,,
  4=2-year public college (community college),,,,,,,,,,,,,,,
  5=2-year private non-profit college,,,,,,,,,,,,,,,
,,,,,,,,,,,,,,,
"6. Carnegie Classification identifies colleges and universities by their highest degree awarded and research intensity. For more information on the Carnegie Classification system, go to https://en.wikipedia.org/wiki/Carnegie_Classification_of_Institutions_of_Higher_Education",,,,,,,,,,,,,,,
1=Associate's ,,,,,,,,,,,,,,,
2=Bachelor's,,,,,,,,,,,,,,,
3=Master's,,,,,,,,,,,,,,,
4=Doctoral/Research,,,,,,,,,,,,,,,
"5=Special focus (law, medicine, theology, etc.)",,,,,,,,,,,,,,,
,,,,,,,,,,,,,,,
"i.Total includes endowment assets from The Texas A&M University System and multiple supporting foundations, including Texas A&M Foundation. The full 2017 NCSE report incorporates separate information for Texas A&M University System and Texas A&M Foundation, and the Baylor Oral Health Foundation (which provides financial support to The Texas A&M University Baylor College of Dentistry).  ",,,,,,,,,,,,,,,
ii. Fiscal year end date for New York University is August 31 but the endowment market values are reported for the year ending June 30.,,,,,,,,,,,,,,,
iii. Total includes endowment assets from the University of Minnesota and the University of Minnesota Foundation. The full 2017 NCSE report incorporates separate information for each of these individual institutions.  ,,,,,,,,,,,,,,,
iv. Total includes endowment assets from the University of Illinois and the University of Illinois Foundation. The full 2017 NCSE report incorporates separate information for each of these individual institutions.  ,,,,,,,,,,,,,,,
v. The total includes the combined endowment assets of Carnegie Mellon University and a portion of assets held by the Dietrich Foundation reflecting CMU’s allocation as a named beneficiary. The full 2017 NCSE report reflects information for the CMU endowment only.  ,,,,,,,,,,,,,,,
"vi.  University of Miami's fiscal year-end is 5/31. Endowment values are reported for May 31, 2017 and May 31, 2016, respectively. ",,,,,,,,,,,,,,,
"vii. Total endowment includes data from all institutions in the LSU System. However, the full 2017 NCSE report is based on data solely from the LSU Foundation, the largest segment.  ",,,,,,,,,,,,,,,
viii. Total includes endowment assets from the University System of New Hampshire and the University of New Hampshire Foundation. The full 2017 NCSE report incorporates separate information for each of these individual institutions.  ,,,,,,,,,,,,,,,
ix. Total includes endowment assets from the Oregon Health and Sciences University Foundation and the Doernbecher Children’s Hospital Foundation.,,,,,,,,,,,,,,,
x.  Abilene Christian University's fiscal year-end is 5/31 but endowment values are reported for 6/30.,,,,,,,,,,,,,,,
"xi. The FY2016 amounts for Chapman University are as of May 31, 2016.",,,,,,,,,,,,,,,
"xii.Totals include assets from the University of Nevada, Reno (UNR) endowment, UNR Foundation, and the Athletic Association of Nevada, Reno Endowment.",,,,,,,,,,,,,,,
xiii. Willamette University's fiscal year-end is 5/31 but endowment values are reported for the year ending 6/30.,,,,,,,,,,,,,,,
"xiv. Endowment values for Old Dominion University includes endowment assets from the University, the Educational Foundation, the Athletic Foundation, and the Real Estate Foundation.",,,,,,,,,,,,,,,
xv. Ohio Northern University's fiscal year-end is 5/31 but endowment values are reported for 6/30.,,,,,,,,,,,,,,,
xvi. Total includes endowment assets from the Indiana University of Pennsylvania and the Indiana University of Pennsylvania Foundation. The full 2017 NCSE report includes separate information from each of these individual institutions.,,,,,,,,,,,,,,,
,,,,,,,,,,,,,,,
,,,,,,,,,,,,,,,
,,,,,,,,,,,,,,,
,,,,,,,,,,,,,,,
,,,,,,,,,,,,,,,
,,,,,,,,,,,,,,,
,,,,,,,,,,,,,,,
,,,,,,,,,,,,,,,
,,,,,,,,,,,,,,,
,,,,,,,,,,,,,,,
,,,,,,,,,,,,,,,
,,,,,,,,,,,,,,,
,,,,,,,,,,,,,,,
,,,,,,,,,,,,,,,
,,,,,,,,,,,,,,,
,,,,,,,,,,,,,,,
,,,,,,,,,,,,,,,
,,,,,,,,,,,,,,,
,,,,,,,,,,,,,,,
,,,,,,,,,,,,,,,
,,,,,,,,,,,,,,,
,,,,,,,,,,,,,,,
,,,,,,,,,,,,,,,
,,,,,,,,,,,,,,,
,,,,,,,,,,,,,,,
,,,,,,,,,,,,,,,
,,,,,,,,,,,,,,,
,,,,,,,,,,,,,,,
,,,,,,,,,,,,,,,
,,,,,,,,,,,,,,,
,,,,,,,,,,,,,,,
,,,,,,,,,,,,,,,
,,,,,,,,,,,,,,,
,,,,,,,,,,,,,,,
,,,,,,,,,,,,,,,
,,,,,,,,,,,,,,,
,,,,,,,,,,,,,,,
,,,,,,,,,,,,,,,
,,,,,,,,,,,,,,,
,,,,,,,,,,,,,,,
,,,,,,,,,,,,,,,
,,,,,,,,,,,,,,,
,,,,,,,,,,,,,,,
,,,,,,,,,,,,,,,
,,,,,,,,,,,,,,,
,,,,,,,,,,,,,,,
,,,,,,,,,,,,,,,
,,,,,,,,,,,,,,,
,,,,,,,,,,,,,,,
,,,,,,,,,,,,,,,
,,,,,,,,,,,,,,,
,,,,,,,,,,,,,,,
,,,,,,,,,,,,,,,
,,,,,,,,,,,,,,,
,,,,,,,,,,,,,,,
,,,,,,,,,,,,,,,
,,,,,,,,,,,,,,,
,,,,,,,,,,,,,,,
,,,,,,,,,,,,,,,
,,,,,,,,,,,,,,,
,,,,,,,,,,,,,,,
,,,,,,,,,,,,,,,
,,,,,,,,,,,,,,,
,,,,,,,,,,,,,,,
,,,,,,,,,,,,,,,
,,,,,,,,,,,,,,,
,,,,,,,,,,,,,,,
,,,,,,,,,,,,,,,
,,,,,,,,,,,,,,,
,,,,,,,,,,,,,,,
,,,,,,,,,,,,,,,
,,,,,,,,,,,,,,,
,,,,,,,,,,,,,,,
,,,,,,,,,,,,,,,
,,,,,,,,,,,,,,,
,,,,,,,,,,,,,,,
,,,,,,,,,,,,,,,
,,,,,,,,,,,,,,,
,,,,,,,,,,,,,,,
,,,,,,,,,,,,,,,
,,,,,,,,,,,,,,,
,,,,,,,,,,,,,,,
,,,,,,,,,,,,,,,
,,,,,,,,,,,,,,,
,,,,,,,,,,,,,,,
,,,,,,,,,,,,,,,
,,,,,,,,,,,,,,,